PctLess9thGrade,PctNotHSGrad,PctBSorMore,population,ViolentCrimesPerPop,size
5.81,9.9,48.18,11980.0,41.02,small
5.61,13.72,29.89,23123.0,127.56,small
2.8,9.09,30.13,29344.0,218.59,medium
11.05,33.68,10.81,16656.0,306.64,small
8.76,23.03,20.66,140494.0,442.95,large
4.49,13.89,27.01,28700.0,226.63,medium
10.09,28.67,12.0,59459.0,439.73,large
5.52,11.27,30.24,74111.0,115.31,large
13.01,31.62,17.02,103590.0,1544.24,large
9.07,24.86,19.23,31601.0,722.02,medium
14.03,34.18,11.64,25158.0,2605.96,medium
15.28,28.52,23.41,40641.0,798.39,medium
14.49,34.5,16.56,57140.0,1476.93,large
6.55,21.62,17.59,45532.0,89.94,medium
11.54,22.83,28.55,180038.0,374.07,large
1.33,5.95,54.76,14869.0,112.5,small
3.71,12.19,29.99,261721.0,772.77,superLarge
14.1,31.68,22.98,7322564.0,2097.71,superLarge
5.8,15.83,17.01,26436.0,644.75,medium
5.83,17.61,26.78,12183.0,145.2,small
4.07,14.21,21.25,16023.0,560.71,small
8.18,22.43,15.11,24692.0,204.23,small
2.73,7.59,48.93,13842.0,347.97,small
6.71,21.49,14.45,88693.0,894.51,large
12.99,26.49,14.51,11235.0,1143.9,small
15.88,37.55,10.76,28259.0,724.95,medium
23.94,44.84,10.82,11162.0,1487.34,small
36.26,51.16,11.63,122899.0,689.42,large
12.54,31.33,12.33,20714.0,49.93,small
3.9,13.97,26.0,11856.0,16.72,small
5.6,17.5,14.84,19050.0,649.83,small
12.32,30.95,9.97,11961.0,346.97,small
21.8,43.91,11.92,15655.0,1770.94,small
4.93,24.25,10.32,23302.0,609.81,small
18.51,38.54,15.58,45226.0,559.55,medium
2.43,8.38,35.77,26167.0,205.56,medium
14.84,29.08,17.61,84474.0,512.19,large
8.47,31.19,7.88,27623.0,734.61,medium
17.59,36.09,12.26,52141.0,919.33,large
18.52,37.05,15.82,16162.0,682.23,small
5.59,20.23,16.51,66473.0,131.47,large
2.39,5.87,49.02,23170.0,794.41,small
42.31,61.8,6.31,12849.0,420.91,small
20.78,39.87,11.26,18540.0,92.91,small
3.6,10.57,46.95,31971.0,1087.25,medium
3.26,9.16,47.0,14790.0,237.45,small
9.68,30.32,9.41,34075.0,212.87,medium
8.57,26.84,14.06,332943.0,984.96,superLarge
11.29,35.69,15.22,1585577.0,1279.6,superLarge
3.72,8.34,57.22,82585.0,256.34,large
4.72,15.77,26.17,29721.0,142.7,medium
13.61,30.52,21.74,66049.0,753.42,large
4.37,13.22,38.29,21847.0,122.69,small
18.33,37.36,16.96,26184.0,1849.3,medium
5.36,18.76,18.31,101484.0,566.64,large
15.8,25.73,13.05,12727.0,51.91,small
3.8,11.01,37.21,33626.0,94.97,medium
6.21,16.34,28.98,22430.0,422.05,small
8.16,25.83,13.65,13352.0,452.4,small
9.07,21.74,20.9,10637.0,407.12,small
12.59,29.21,21.73,165121.0,1693.42,large
11.55,25.51,16.96,10836.0,462.24,small
4.57,12.02,41.42,21160.0,115.14,small
8.71,20.02,24.89,29208.0,78.65,medium
14.83,31.36,14.2,12839.0,985.03,small
1.05,6.93,29.42,75058.0,131.68,large
13.83,33.47,18.06,14988.0,1134.5,small
9.36,21.39,20.71,405390.0,969.6,superLarge
5.04,18.12,20.42,23330.0,251.24,small
19.73,41.2,11.11,11967.0,934.12,small
3.63,11.2,26.55,25925.0,377.97,medium
3.69,14.63,19.66,10466.0,889.65,small
6.29,16.84,29.72,17118.0,40.21,small
3.75,12.99,29.02,35748.0,465.96,medium
15.1,30.01,13.93,11290.0,150.04,small
4.91,9.49,48.6,11439.0,49.56,small
2.92,11.27,28.3,40949.0,1812.62,medium
7.01,16.92,32.44,17790.0,129.13,small
5.62,17.1,25.95,437319.0,1841.38,superLarge
6.16,15.79,25.82,27957.0,301.31,medium
3.85,12.38,31.23,133107.0,620.53,large
1.7,9.1,22.85,12220.0,190.84,small
8.12,18.45,27.09,66072.0,726.59,large
10.36,21.66,27.84,13187.0,74.56,small
7.04,26.53,9.91,10205.0,339.96,small
7.24,14.24,29.28,49425.0,121.02,medium
11.86,28.97,26.7,130474.0,2127.02,large
28.57,49.27,4.01,11218.0,809.39,small
5.04,12.33,33.16,19949.0,199.2,small
18.7,39.06,14.77,10542.0,1527.29,small
7.31,20.21,15.16,34989.0,85.17,medium
5.71,15.38,31.26,60394.0,727.83,large
27.72,42.85,9.37,16169.0,781.32,small
5.45,14.97,28.11,14548.0,367.13,small
8.38,21.39,19.6,55006.0,155.25,large
4.32,15.18,19.28,11874.0,1634.34,small
1.9,14.13,24.07,23229.0,251.23,small
4.6,12.59,30.99,32873.0,367.33,medium
5.83,18.08,25.47,15351.0,560.56,small
5.59,14.48,40.72,124773.0,1981.45,large
7.05,11.6,66.02,12016.0,83.89,small
12.93,19.79,30.23,13547.0,39.87,small
2.21,7.51,36.94,13002.0,60.9,small
5.05,12.9,25.01,17825.0,70.4,small
11.51,20.01,23.91,23006.0,242.54,small
10.84,23.84,17.03,39802.0,574.24,medium
6.11,16.13,32.71,31287.0,288.37,medium
9.79,31.67,10.88,70487.0,1497.92,large
16.58,35.92,15.48,22911.0,681.32,small
10.91,31.91,10.07,12127.0,194.19,small
6.41,20.68,23.99,22191.0,185.48,small
18.4,33.0,22.96,3485398.0,2414.77,superLarge
22.09,42.64,15.25,13425.0,581.57,small
12.11,26.72,18.71,15411.0,197.0,small
8.04,22.68,15.93,27134.0,273.7,medium
4.85,22.08,11.41,18749.0,240.92,small
9.54,22.08,14.69,38901.0,1085.11,medium
3.09,10.57,35.12,29202.0,291.69,medium
5.02,12.8,44.98,69101.0,587.55,large
9.34,27.85,9.35,10950.0,650.49,small
6.38,19.48,31.7,18041.0,465.66,small
5.91,14.77,26.1,13800.0,221.64,small
13.76,30.81,12.8,33862.0,216.8,medium
5.74,16.79,21.03,177196.0,795.08,large
5.4,15.88,31.31,12430.0,361.75,small
9.02,26.57,12.41,16565.0,525.42,small
10.29,22.13,20.58,41943.0,1462.29,medium
13.59,29.43,15.85,16230.0,89.61,small
3.83,13.71,24.97,29603.0,227.32,medium
13.67,39.4,11.76,13024.0,2649.8,small
7.17,26.28,9.37,12233.0,46.52,small
3.31,10.83,29.54,15128.0,74.62,small
28.42,49.46,10.71,58012.0,871.02,large
1.67,4.96,46.69,28176.0,185.69,medium
15.92,34.0,23.41,41711.0,1501.93,medium
19.02,37.41,12.55,30495.0,1450.47,medium
21.02,39.39,15.6,23451.0,2344.56,small
0.72,4.95,54.34,16392.0,64.88,small
3.66,10.8,32.3,30159.0,129.64,medium
23.72,42.88,9.88,31828.0,345.46,medium
6.68,19.5,20.47,15080.0,267.33,small
12.78,36.6,6.44,12649.0,160.93,small
5.82,17.7,21.18,30533.0,80.5,medium
13.23,28.19,9.17,18828.0,399.86,small
12.41,37.21,6.79,12697.0,69.0,small
13.42,37.84,7.68,41856.0,4877.06,medium
14.76,35.01,11.45,10513.0,919.02,small
11.47,29.37,18.7,280015.0,3235.45,superLarge
12.32,26.55,27.12,1006877.0,1744.19,superLarge
13.16,28.18,21.71,15180.0,76.49,small
5.02,14.77,28.16,52179.0,339.31,large
5.73,27.56,10.13,21951.0,807.0,small
6.29,15.85,35.03,38793.0,932.05,medium
7.77,20.89,18.81,13086.0,235.04,small
16.1,41.57,8.52,78380.0,1195.53,large
8.95,21.53,33.99,20027.0,1293.95,small
9.43,23.31,22.15,87425.0,3239.2,large
11.58,26.02,18.99,39990.0,364.19,medium
7.89,19.75,16.32,51206.0,179.38,large
7.3,14.45,14.91,12287.0,43.37,small
36.43,51.9,9.47,12822.0,161.69,small
16.59,39.46,15.59,23755.0,3268.26,small
6.47,22.93,14.11,11475.0,168.99,small
34.49,47.39,12.19,28653.0,178.75,medium
11.19,30.12,11.83,14771.0,231.48,small
2.69,10.1,37.11,30270.0,103.28,medium
11.86,23.42,25.08,60536.0,203.69,large
7.4,16.52,27.26,96357.0,448.84,large
5.09,14.1,29.3,11676.0,356.17,small
3.25,9.98,53.09,16390.0,672.35,small
8.65,21.66,10.49,12363.0,981.2,small
3.42,15.5,18.85,10433.0,190.21,small
11.51,26.25,26.07,19027.0,446.77,small
2.33,6.98,45.54,12724.0,31.75,small
10.56,23.51,14.35,47564.0,868.12,medium
1.38,6.33,39.1,72820.0,225.56,large
11.53,24.49,23.22,429433.0,1631.98,superLarge
16.77,38.97,15.76,14669.0,1419.06,small
10.42,23.88,17.96,76095.0,519.47,large
3.83,12.89,27.98,38195.0,87.26,medium
3.42,10.81,31.47,79443.0,294.6,large
3.9,15.75,25.25,12996.0,53.2,small
5.65,15.96,21.32,38961.0,282.16,medium
11.35,30.5,21.1,39806.0,958.15,medium
7.06,21.78,21.57,444719.0,1389.87,superLarge
19.38,35.51,10.78,10886.0,1240.65,small
24.03,41.74,10.58,19788.0,674.67,small
9.71,22.38,13.15,10362.0,161.02,small
2.13,5.88,39.25,26540.0,332.73,medium
6.46,17.96,12.65,38142.0,620.71,medium
6.52,15.07,23.35,54523.0,442.93,large
3.34,11.15,31.52,15392.0,372.95,small
34.36,50.72,8.98,12743.0,587.33,small
2.42,7.82,39.7,16444.0,210.79,small
3.87,14.69,23.02,20469.0,500.47,small
3.34,6.81,54.86,17199.0,75.72,small
4.83,16.93,22.16,46080.0,345.45,medium
10.62,38.79,5.26,11804.0,1687.02,small
8.91,25.24,18.29,40775.0,394.74,medium
8.68,26.83,10.41,17648.0,340.43,small
11.54,29.22,20.41,67153.0,1446.56,large
4.62,15.17,18.13,30601.0,271.52,medium
17.18,32.7,22.05,16609.0,788.52,small
10.83,25.0,16.09,10453.0,393.26,small
15.06,34.74,14.37,24699.0,1783.14,small
10.55,22.97,22.52,17084.0,77.05,small
3.23,12.0,29.36,30544.0,275.58,medium
5.76,16.07,20.89,15333.0,74.08,small
5.33,16.66,21.1,32188.0,400.56,medium
9.6,26.93,16.36,46194.0,1357.38,medium
3.8,10.04,42.03,15616.0,56.31,small
5.83,13.65,36.96,10486.0,394.21,small
13.01,31.39,15.85,41036.0,445.94,medium
10.26,32.74,8.24,14044.0,522.13,small
5.07,16.98,24.0,15254.0,96.69,small
2.84,15.27,19.78,36291.0,293.41,medium
8.4,21.54,21.32,12454.0,71.54,small
1.32,5.83,48.2,19821.0,37.95,small
10.86,32.44,16.25,23146.0,516.96,small
7.46,21.1,13.37,16121.0,82.54,small
18.45,42.12,11.45,26454.0,1555.07,medium
8.35,20.07,18.13,17625.0,52.95,small
13.14,31.78,12.16,36701.0,530.57,medium
11.29,35.51,7.38,16925.0,1358.47,small
4.44,10.16,45.16,14852.0,94.07,small
3.91,8.81,53.58,28870.0,88.16,medium
2.88,12.4,26.84,10946.0,316.75,small
12.8,28.65,17.06,83995.0,1267.73,large
13.67,38.7,6.95,37319.0,106.68,medium
10.52,31.67,11.91,31258.0,191.96,medium
4.25,18.87,21.44,11796.0,142.9,small
4.56,19.32,20.5,47217.0,536.18,medium
6.12,19.67,17.88,18666.0,1678.99,small
12.65,26.07,11.35,22124.0,241.28,small
18.45,41.63,11.72,14192.0,972.89,small
7.88,23.12,13.14,10444.0,90.65,small
7.12,20.68,20.0,19382.0,1287.84,small
6.22,18.1,23.39,49938.0,136.48,medium
9.51,25.97,13.0,44962.0,488.86,medium
11.58,28.76,16.82,14096.0,609.46,small
2.66,9.58,40.44,60167.0,599.45,large
12.38,33.58,13.66,14903.0,2018.97,small
12.88,27.39,11.57,20463.0,33.66,small
10.27,24.71,19.77,15026.0,216.78,small
1.1,3.44,53.93,30576.0,136.4,medium
5.49,18.06,22.41,133850.0,687.49,large
10.71,33.24,13.49,26542.0,91.31,medium
23.05,49.37,7.46,36955.0,1664.84,medium
1.71,5.64,46.92,60569.0,293.54,large
14.49,24.61,17.42,37060.0,48.58,medium
6.28,19.96,21.68,81177.0,283.39,large
2.74,7.72,42.86,12361.0,302.76,small
22.73,36.73,11.64,19212.0,918.22,small
8.18,22.79,19.2,13296.0,86.45,small
5.93,15.88,32.16,28227.0,1185.33,medium
5.52,17.25,23.22,84985.0,369.24,large
16.51,37.12,17.69,41643.0,2047.92,medium
3.07,11.62,25.05,89235.0,266.81,large
11.36,21.34,14.48,10241.0,84.64,small
11.05,25.73,16.37,27437.0,644.09,medium
16.58,38.37,13.06,72644.0,458.28,large
5.75,18.13,22.73,304011.0,874.69,superLarge
3.21,11.87,36.01,13812.0,160.76,small
15.21,35.87,7.28,21460.0,1379.97,small
4.69,16.96,30.44,159936.0,797.66,large
2.44,9.91,23.85,40153.0,213.14,medium
17.43,37.86,17.47,16512.0,607.8,small
16.97,42.18,7.21,33497.0,2758.9,medium
6.05,14.4,35.48,27310.0,342.06,medium
5.0,14.56,17.67,13092.0,186.04,small
5.2,15.86,29.0,59718.0,111.67,large
6.2,19.28,23.32,16922.0,353.42,small
18.7,32.58,14.92,16200.0,1046.93,small
7.98,21.56,21.13,11938.0,551.69,small
11.21,37.81,9.44,26778.0,782.8,medium
14.22,32.03,13.45,22754.0,2523.46,small
1.96,7.91,36.54,16367.0,280.44,small
10.2,28.14,14.28,12636.0,155.62,small
5.34,13.63,39.14,10603.0,82.15,small
5.78,18.18,14.29,118779.0,1201.33,large
7.7,15.2,27.92,12906.0,291.16,small
2.04,6.7,47.02,13228.0,185.08,small
3.87,12.34,13.89,24079.0,417.93,small
4.09,13.22,28.58,60569.0,134.19,large
5.96,13.83,26.47,14490.0,208.53,small
7.41,18.96,20.95,17187.0,57.31,small
7.24,25.37,11.45,24664.0,446.95,small
4.16,14.54,21.44,23163.0,154.77,small
7.74,23.52,16.92,19478.0,121.99,small
2.89,12.3,31.39,28150.0,73.07,medium
6.6,17.63,22.86,16787.0,65.46,small
9.09,23.23,16.74,22286.0,535.49,small
6.62,22.55,15.06,25408.0,252.63,medium
11.24,27.54,29.3,58282.0,1756.32,large
1.31,3.27,65.82,23478.0,212.45,small
17.83,25.32,16.81,16097.0,36.89,small
1.6,7.13,44.15,20390.0,368.76,small
11.78,30.81,18.7,23071.0,1439.97,small
4.69,11.75,33.48,26801.0,273.51,medium
3.59,7.56,42.18,13289.0,75.52,small
4.72,14.02,32.62,27603.0,71.56,medium
5.07,17.21,26.25,14837.0,310.48,small
8.53,23.66,13.38,10145.0,152.6,small
10.23,32.78,14.02,52376.0,2105.73,large
2.22,11.27,15.58,24603.0,368.05,small
12.42,32.71,16.05,328123.0,1933.77,superLarge
14.0,33.63,17.83,78122.0,1363.32,large
9.38,24.21,16.81,22117.0,480.51,small
5.24,18.63,15.22,74991.0,303.72,large
17.26,33.67,15.29,22355.0,206.88,small
7.79,23.64,21.0,50961.0,1846.45,large
11.71,29.55,19.26,53589.0,1257.09,large
12.15,24.77,19.65,75636.0,776.61,large
5.02,15.34,18.89,23696.0,319.99,small
9.78,25.41,21.52,47181.0,1399.48,medium
7.74,25.45,16.18,12588.0,442.24,small
18.42,38.5,9.74,10678.0,173.77,small
26.36,44.73,12.55,18853.0,765.85,small
3.11,9.86,23.83,32983.0,111.07,medium
3.89,16.16,21.44,24848.0,1454.74,small
10.94,26.11,15.71,71349.0,2541.38,large
11.35,29.91,16.56,137560.0,987.42,large
8.86,23.91,9.87,13794.0,92.08,small
9.47,20.99,33.72,44972.0,1577.75,medium
9.45,20.15,20.84,24832.0,1523.92,small
16.5,39.28,7.75,16210.0,619.51,small
4.43,11.26,48.97,58441.0,52.25,large
10.13,23.06,23.49,369365.0,1290.43,superLarge
9.4,26.03,19.27,70576.0,1523.3,large
11.05,29.59,13.59,81805.0,288.4,large
4.55,18.18,18.58,10742.0,73.23,small
10.68,27.03,16.49,40961.0,524.67,medium
5.04,17.7,16.01,53367.0,491.66,large
6.32,16.88,25.62,14427.0,80.61,small
13.87,34.43,18.07,29925.0,2594.03,medium
36.2,59.05,5.25,86284.0,1097.77,large
12.39,28.38,21.47,447619.0,1516.12,superLarge
6.88,19.36,23.65,24124.0,951.3,small
15.57,32.53,14.88,13786.0,373.54,small
13.43,20.81,20.51,12703.0,189.01,small
6.36,22.05,14.94,40663.0,743.07,medium
3.82,13.96,34.7,25058.0,228.86,medium
0.66,2.93,42.39,12329.0,7.79,small
11.77,31.18,9.5,13441.0,995.75,small
1.1,4.69,50.25,66643.0,387.2,large
3.15,11.68,29.27,31808.0,328.75,medium
8.51,25.0,18.49,19587.0,1205.17,small
4.26,13.03,49.32,37729.0,509.18,medium
1.42,4.29,59.18,34128.0,140.72,medium
15.95,30.6,13.39,29809.0,878.94,medium
4.47,16.32,22.16,47828.0,294.92,medium
4.09,16.84,15.71,12711.0,155.04,small
5.39,19.0,19.52,14877.0,202.31,small
8.9,21.71,16.05,25894.0,720.05,medium
3.4,11.38,29.77,21282.0,185.97,small
17.68,34.12,11.63,14399.0,133.68,small
5.11,14.19,22.41,10507.0,190.95,small
2.74,10.13,37.68,27018.0,62.29,medium
17.41,40.75,8.97,10201.0,2650.26,small
9.28,17.23,35.24,14088.0,405.71,small
9.36,30.64,8.19,31007.0,264.07,medium
9.9,25.4,17.08,21756.0,485.38,small
5.42,13.81,29.98,20429.0,103.96,small
23.35,43.5,13.42,15464.0,1640.6,small
8.95,23.2,9.13,18659.0,217.26,small
7.84,26.21,12.16,11353.0,279.45,small
11.81,29.67,19.21,39498.0,567.54,medium
4.19,17.51,17.34,64942.0,269.82,large
8.27,25.62,13.75,34439.0,880.44,medium
7.69,23.61,24.42,13864.0,703.74,small
9.19,28.02,18.46,105511.0,1093.15,large
8.27,22.5,16.82,11936.0,1095.46,small
5.74,14.88,27.58,10378.0,178.57,small
4.11,11.01,43.07,12830.0,138.57,small
5.08,12.1,45.01,16116.0,181.86,small
8.65,26.81,10.16,72388.0,1380.76,large
17.0,37.58,15.98,54732.0,1486.61,large
10.72,34.13,11.83,61018.0,2423.47,large
17.29,30.22,39.71,33397.0,772.3,medium
26.89,40.73,14.8,48735.0,758.39,medium
8.71,22.19,16.69,16064.0,234.77,small
7.01,23.74,15.61,10850.0,116.21,small
4.48,11.12,44.09,13057.0,699.49,small
9.72,25.4,9.84,19833.0,225.01,small
8.89,21.36,17.01,13222.0,500.94,small
2.95,7.08,53.72,37991.0,106.93,medium
8.88,21.69,17.0,34986.0,284.21,medium
9.59,24.81,17.44,14143.0,667.04,small
13.79,34.35,11.85,15722.0,634.79,small
1.85,5.96,54.85,20267.0,52.35,small
10.99,21.56,12.43,18245.0,264.97,small
7.26,22.09,13.05,31499.0,339.92,medium
10.6,32.12,8.25,12603.0,81.02,small
1.46,4.27,58.51,11671.0,140.18,small
13.79,27.68,13.89,51874.0,1195.76,large
15.64,32.68,22.56,13051.0,63.81,small
7.57,17.46,22.6,26777.0,264.67,medium
5.78,12.06,46.78,11532.0,99.47,small
7.7,16.81,28.05,18820.0,443.73,small
5.32,19.47,11.63,18150.0,201.24,small
6.95,16.0,35.13,15244.0,208.53,small
10.63,32.0,12.96,38705.0,168.57,medium
7.75,19.76,15.13,27257.0,426.57,medium
5.43,19.78,25.12,11980.0,354.96,small
18.74,33.85,11.63,10922.0,339.73,small
7.94,19.73,26.56,16919.0,47.5,small
11.33,21.98,35.04,723959.0,1810.07,superLarge
5.42,17.52,16.37,43207.0,686.47,medium
2.4,7.93,49.01,44757.0,220.96,medium
14.36,40.94,7.06,15520.0,2089.32,small
7.98,24.15,17.48,30087.0,494.37,medium
10.96,27.41,15.85,59479.0,332.0,large
5.51,12.51,43.39,86905.0,1651.73,large
2.67,5.48,56.03,22023.0,9.07,small
19.04,33.06,10.72,20710.0,161.51,small
6.25,15.88,21.05,10993.0,168.48,small
5.01,17.89,16.66,62632.0,602.99,large
5.03,16.35,15.89,68235.0,342.53,large
8.74,27.67,13.99,108718.0,770.88,large
2.4,10.15,34.54,86835.0,157.99,large
20.79,36.26,9.73,39757.0,374.18,medium
7.33,23.31,12.04,10891.0,468.1,small
4.78,13.3,50.16,29541.0,352.88,medium
4.7,15.5,18.17,30013.0,533.46,medium
5.48,19.1,16.87,11127.0,70.08,small
5.08,18.2,20.9,65452.0,305.77,large
2.36,8.46,40.16,29092.0,122.91,medium
17.15,31.84,12.11,16797.0,571.65,small
14.73,30.42,15.79,10828.0,47.43,small
3.73,7.47,48.85,18885.0,9.24,small
13.84,31.86,10.81,23706.0,1121.64,small
1.67,7.65,19.13,22935.0,195.71,small
10.79,28.95,8.19,12450.0,851.23,small
13.12,30.85,18.58,23095.0,333.66,small
7.68,20.8,29.05,467610.0,1038.27,superLarge
25.45,46.07,3.49,10033.0,499.33,small
6.53,21.5,18.84,10191.0,310.85,small
4.19,17.79,13.91,40318.0,331.36,medium
4.09,11.89,31.26,76459.0,599.49,large
12.31,23.96,14.68,14196.0,260.97,small
8.19,19.84,22.48,40822.0,87.1,medium
5.1,14.85,25.9,39729.0,477.21,medium
6.32,15.9,24.29,20412.0,290.85,small
5.73,18.56,15.87,52721.0,1073.8,large
15.0,38.62,13.47,55551.0,875.19,large
15.01,30.58,18.36,70580.0,889.17,large
3.23,10.6,36.21,12066.0,351.8,small
8.81,21.41,17.87,12777.0,536.23,small
4.69,11.12,36.39,48290.0,398.76,medium
2.43,7.96,43.13,25725.0,200.02,medium
16.94,36.9,18.39,36930.0,1449.39,medium
30.07,48.01,9.2,36793.0,950.75,medium
8.66,22.1,24.05,40148.0,1239.22,medium
0.77,3.24,60.32,20816.0,103.33,small
3.77,14.96,24.11,18609.0,326.81,small
2.94,9.64,36.83,32762.0,89.45,medium
5.43,12.32,43.95,24727.0,187.87,small
6.89,20.66,18.44,170045.0,845.63,large
16.55,39.6,14.21,14917.0,341.75,small
4.38,12.62,33.75,22633.0,103.35,small
13.25,36.72,9.8,20570.0,895.24,small
18.32,36.97,12.11,14519.0,1647.53,small
31.54,46.73,10.51,12351.0,62.14,small
19.14,40.41,15.11,11643.0,936.82,small
18.62,38.26,21.1,10690.0,295.76,small
2.81,9.59,32.62,24437.0,261.4,small
3.35,9.61,40.97,20526.0,114.23,small
15.47,37.38,11.25,14870.0,683.46,small
14.56,27.91,22.92,82106.0,544.59,large
13.67,31.74,12.92,36322.0,1280.84,medium
6.94,19.83,32.79,33187.0,1428.53,medium
8.13,17.41,36.12,10170.0,137.89,small
26.95,52.39,9.22,10322.0,1329.57,small
3.17,7.27,60.94,18630.0,116.35,small
6.04,22.18,21.26,85427.0,423.52,large
3.87,12.3,30.6,10098.0,210.18,small
4.17,11.99,40.94,43548.0,152.07,medium
9.81,26.71,16.74,72798.0,690.79,large
10.34,24.3,30.0,574283.0,1968.89,superLarge
7.7,20.6,14.81,20958.0,122.74,small
3.27,9.41,46.21,27901.0,53.7,medium
8.54,26.28,13.24,11886.0,493.73,small
4.65,13.51,47.94,60633.0,815.98,large
6.41,13.37,40.75,67460.0,411.23,large
3.84,9.38,41.98,191262.0,321.68,large
17.88,34.91,15.65,10967.0,1300.88,small
12.0,25.29,13.57,11249.0,80.12,small
3.72,12.43,23.41,33836.0,421.75,medium
8.55,21.93,14.26,11329.0,66.33,small
9.18,25.0,17.15,20457.0,1874.95,small
20.43,41.52,11.46,110002.0,1311.2,large
9.55,29.64,11.21,13647.0,292.0,small
7.4,18.69,18.47,75494.0,1130.86,large
22.45,45.12,8.71,140891.0,1571.14,large
6.21,17.79,26.54,27630.0,887.29,medium
1.84,6.14,29.1,18482.0,65.71,small
6.2,21.19,20.36,11216.0,207.79,small
0.62,2.95,66.02,16642.0,51.42,small
15.03,34.2,13.58,10380.0,241.31,small
10.59,28.02,9.44,87535.0,1333.23,large
32.85,52.91,10.17,11238.0,944.85,small
3.16,14.94,12.98,11272.0,108.49,small
15.48,38.02,15.86,10464.0,1724.14,small
4.23,12.77,21.7,13658.0,61.12,small
0.74,5.4,35.93,11280.0,179.32,small
14.39,24.49,15.45,13798.0,198.79,small
7.09,23.31,15.61,17032.0,322.81,small
5.48,16.67,29.34,11234.0,124.32,small
6.18,20.42,22.04,11488.0,84.88,small
6.61,19.23,19.54,11766.0,170.15,small
11.74,21.81,10.72,11982.0,74.96,small
1.84,5.82,45.65,86874.0,223.06,large
7.85,12.51,30.51,10610.0,103.33,small
4.17,15.13,17.55,18692.0,245.51,small
5.46,11.77,56.99,11096.0,358.97,small
5.57,16.95,26.63,31813.0,505.1,medium
2.49,8.76,44.72,21096.0,551.32,small
13.83,29.64,14.18,30491.0,997.03,medium
11.03,25.29,14.33,10266.0,295.04,small
10.3,23.15,28.68,30707.0,151.78,medium
7.75,16.25,36.0,32016.0,64.61,medium
8.8,23.24,28.34,219531.0,2978.69,superLarge
14.04,23.65,14.08,17592.0,158.85,small
19.77,40.08,10.47,11227.0,1390.25,small
5.49,17.05,24.7,28199.0,133.87,medium
24.71,53.08,5.65,17637.0,1483.15,small
31.51,46.11,10.39,15791.0,724.94,small
14.8,35.62,13.23,32462.0,872.72,medium
7.52,25.96,15.81,19211.0,300.04,small
9.59,26.65,21.39,27925.0,744.75,medium
11.18,33.24,5.64,10935.0,267.96,small
16.05,33.58,13.44,29115.0,1318.22,medium
1.51,4.77,61.5,12959.0,198.88,small
10.24,23.27,19.08,24309.0,72.71,small
10.42,23.91,17.85,23756.0,102.2,small
9.6,20.68,11.47,11618.0,88.3,small
17.16,34.0,14.93,109602.0,2078.85,large
6.8,23.5,13.68,13584.0,62.53,small
8.49,28.16,11.06,21128.0,427.27,small
3.88,8.37,48.96,23936.0,348.5,small
19.2,38.47,15.41,25295.0,1336.03,medium
9.08,19.15,16.66,96466.0,435.6,large
5.15,16.94,29.81,12361.0,196.79,small
5.03,17.74,25.82,367302.0,1304.78,superLarge
5.84,15.72,31.61,47089.0,313.89,medium
9.36,27.07,11.33,35701.0,1678.08,medium
8.98,22.95,23.16,17233.0,151.13,small
5.35,20.23,15.26,35317.0,184.39,medium
5.19,12.22,37.87,16139.0,127.65,small
2.38,11.26,17.9,17635.0,375.3,small
11.74,25.06,19.57,99567.0,223.14,large
3.29,10.34,33.23,33823.0,58.24,medium
7.93,25.29,12.56,13087.0,1032.91,small
8.49,20.07,21.55,14997.0,566.68,small
21.98,41.94,11.8,16996.0,457.72,small
9.61,23.43,19.86,10415.0,645.16,small
9.51,24.82,21.93,13068.0,485.77,small
2.43,10.11,42.17,11929.0,209.22,small
6.65,17.83,23.2,10621.0,280.93,small
6.84,15.17,23.44,14967.0,281.32,small
1.87,3.98,62.81,13512.0,99.9,small
8.14,27.68,13.08,31933.0,316.55,medium
5.46,15.64,29.42,11005.0,355.9,small
3.88,13.6,18.34,16813.0,29.8,small
3.3,11.94,33.41,13116.0,286.09,small
1.79,5.29,46.99,16881.0,44.22,small
21.66,40.4,13.13,131723.0,1627.33,large
12.71,25.55,14.48,32520.0,110.97,medium
14.59,30.72,15.1,44654.0,816.02,medium
2.77,9.74,32.25,19807.0,138.91,small
11.14,28.09,11.72,10040.0,177.73,small
3.41,11.13,56.72,11553.0,585.46,small
6.11,18.05,30.34,175795.0,3255.71,large
15.97,34.89,18.42,17457.0,591.24,small
8.37,22.87,17.91,29034.0,577.61,medium
19.11,37.61,12.59,12476.0,288.65,small
11.24,24.92,16.23,19154.0,1607.83,small
11.7,32.33,9.75,61840.0,736.68,large
11.31,27.3,17.19,45048.0,581.98,medium
8.78,21.46,11.41,14638.0,44.64,small
6.98,13.33,30.66,12236.0,141.75,small
8.24,26.15,11.41,70218.0,2264.09,large
11.25,30.7,17.89,49998.0,1818.82,medium
5.89,14.86,25.3,56958.0,138.56,large
4.85,18.75,14.95,19661.0,122.9,small
6.92,19.22,25.24,19163.0,75.88,small
12.26,29.67,17.34,12756.0,324.52,small
15.56,35.31,15.8,11037.0,1264.79,small
8.08,25.15,13.34,34738.0,559.86,medium
2.66,9.53,40.05,12551.0,21.66,small
17.86,34.83,17.0,13367.0,389.55,small
2.81,10.5,42.01,13597.0,188.13,small
8.95,28.49,12.42,12929.0,169.44,small
9.01,24.97,26.91,196637.0,1424.74,large
18.49,37.27,12.14,41333.0,658.05,medium
2.91,11.13,46.4,15849.0,82.38,small
6.81,21.62,14.04,15004.0,281.76,small
2.64,9.38,42.02,22922.0,374.05,small
7.9,19.9,34.68,24850.0,623.55,small
10.74,31.66,12.29,182044.0,1629.43,large
7.34,20.55,16.93,68223.0,904.94,large
8.09,21.56,21.51,11708.0,153.93,small
3.44,22.66,11.22,13887.0,198.28,small
11.46,25.18,13.7,12687.0,223.06,small
5.7,16.7,25.54,22519.0,699.98,small
2.15,6.44,44.02,12403.0,71.35,small
7.88,19.69,37.48,48718.0,366.34,medium
5.45,23.07,9.65,23928.0,292.91,small
2.84,8.27,46.51,11714.0,252.9,small
3.77,13.22,36.09,19438.0,626.09,small
6.37,17.6,26.62,15289.0,408.98,small
1.07,4.3,59.59,26303.0,105.84,medium
5.53,15.96,14.57,11151.0,145.47,small
7.41,19.05,24.89,50686.0,327.36,large
4.04,10.87,36.09,16896.0,99.13,small
4.77,15.09,29.77,68183.0,68.68,large
5.82,11.04,38.35,48404.0,560.45,medium
22.23,34.67,16.2,515342.0,1035.05,superLarge
2.4,12.83,21.9,14544.0,303.91,small
11.51,25.28,18.43,34882.0,534.04,medium
10.5,26.99,16.45,13371.0,674.75,small
23.43,45.64,13.36,14865.0,1278.63,small
11.13,27.8,9.97,15414.0,509.56,small
7.11,17.66,23.77,24458.0,151.91,small
5.78,16.3,30.35,11207.0,70.19,small
7.65,16.78,42.32,17400.0,350.03,small
3.54,7.68,48.53,18519.0,159.72,small
3.47,13.94,22.37,33574.0,860.27,medium
8.83,27.66,15.83,57483.0,321.08,large
31.14,48.61,9.96,18923.0,989.2,small
8.25,24.14,11.26,18334.0,403.14,small
21.4,41.9,6.41,11389.0,592.34,small
7.78,17.69,21.02,15945.0,101.21,small
2.44,8.97,40.45,11768.0,83.56,small
7.27,17.21,32.56,28880.0,125.96,medium
12.54,31.91,12.71,164164.0,3047.66,large
6.0,15.06,37.43,36118.0,2507.51,medium
11.03,31.21,18.99,231636.0,1171.84,superLarge
4.16,12.86,38.05,80071.0,230.0,large
2.61,10.07,21.46,22113.0,140.88,small
4.04,14.44,19.07,10152.0,282.07,small
16.6,34.21,15.51,103439.0,1274.62,large
6.53,18.36,14.35,27910.0,384.08,medium
15.17,29.31,15.79,55076.0,933.19,large
13.78,31.82,24.89,17885.0,1232.52,small
2.59,14.01,22.48,21174.0,445.41,small
3.26,11.44,38.03,18548.0,58.37,small
7.16,21.19,20.14,95333.0,1565.55,large
4.77,13.44,40.56,207951.0,842.7,superLarge
4.7,11.88,19.93,14302.0,53.73,small
20.02,50.33,6.44,87492.0,3530.78,large
1.97,9.51,29.48,14816.0,6.64,small
31.87,55.72,6.01,106209.0,1318.6,large
5.18,14.96,24.8,19530.0,91.21,small
7.84,17.67,34.4,465622.0,599.78,superLarge
5.02,16.79,24.22,56475.0,141.06,large
12.73,31.64,13.94,18004.0,657.14,small
19.0,43.05,13.75,20807.0,2885.57,small
15.22,36.01,10.85,12195.0,750.73,small
8.74,25.82,15.15,17906.0,985.82,small
7.05,18.15,17.47,21884.0,142.09,small
9.22,17.16,30.15,10978.0,98.73,small
14.23,34.17,9.59,20585.0,1441.78,small
4.83,15.77,18.98,11432.0,105.96,small
13.56,32.03,15.65,96397.0,578.8,large
6.95,21.2,22.05,435146.0,2460.11,superLarge
13.57,29.79,22.56,36426.0,607.03,medium
8.31,24.93,21.78,19801.0,205.49,small
16.22,35.34,9.92,94279.0,1174.32,large
11.2,26.45,21.91,188082.0,737.62,large
3.65,11.56,34.86,61492.0,360.34,large
7.74,15.48,35.68,14514.0,105.6,small
3.3,10.22,34.95,104352.0,305.72,large
15.03,37.67,10.36,16433.0,2089.44,small
11.99,25.12,15.97,40709.0,1477.94,medium
10.84,22.84,25.33,782248.0,646.17,superLarge
7.64,20.13,30.81,13954.0,130.44,small
4.46,15.77,24.19,29802.0,190.95,medium
6.43,17.01,28.67,33510.0,383.57,medium
5.72,20.14,18.37,33997.0,816.61,medium
1.58,5.15,58.87,28028.0,105.23,medium
24.88,44.71,10.09,14049.0,583.99,small
49.89,72.05,1.63,27850.0,865.9,medium
12.82,33.22,13.36,16196.0,349.65,small
8.31,23.57,13.31,18604.0,161.19,small
6.25,15.65,34.53,11538.0,92.04,small
4.88,10.21,28.3,14731.0,26.17,small
14.51,34.09,23.43,43467.0,3414.57,medium
6.9,18.3,20.3,14621.0,155.67,small
13.25,29.01,11.94,30897.0,676.45,medium
6.02,19.02,28.35,395934.0,1787.2,superLarge
6.47,18.63,15.13,11451.0,68.8,small
13.74,33.83,14.78,27347.0,728.37,medium
12.71,31.04,18.24,152466.0,1960.67,large
1.37,3.62,59.33,13038.0,286.66,small
3.33,9.32,43.06,24529.0,216.2,small
3.15,12.32,24.08,12224.0,86.34,small
4.57,17.56,14.36,34997.0,137.66,medium
3.24,7.86,38.97,14467.0,20.39,small
7.03,25.58,12.37,16389.0,988.71,small
21.41,40.53,12.48,13145.0,393.73,small
3.91,13.79,19.9,17283.0,564.85,small
11.84,24.56,29.06,15940.0,363.7,small
18.95,34.96,19.66,21625.0,116.1,small
2.37,6.57,56.4,24152.0,80.84,small
18.52,38.51,10.94,13883.0,260.79,small
4.53,11.27,38.46,49366.0,166.4,medium
10.49,28.02,15.81,23079.0,724.52,small
13.24,31.86,22.44,496938.0,2038.98,superLarge
17.48,46.29,5.15,34311.0,2982.31,medium
16.24,30.03,22.41,60738.0,893.29,large
8.96,23.71,16.32,91444.0,514.99,large
12.64,32.58,10.03,23101.0,708.53,small
4.36,13.31,26.03,24825.0,69.94,small
2.53,9.65,43.46,52315.0,160.72,large
2.94,12.45,21.73,54063.0,441.72,large
9.0,25.16,21.42,196278.0,1076.95,large
16.03,38.49,10.7,42523.0,2186.47,medium
8.55,22.35,19.22,18230.0,136.06,small
7.29,15.51,23.84,56177.0,64.14,large
13.58,36.98,14.22,12490.0,851.22,small
12.56,26.53,20.47,17384.0,242.89,small
6.01,20.83,12.38,12235.0,103.18,small
9.23,23.98,31.66,98052.0,2109.96,large
6.78,18.17,20.13,50323.0,402.75,large
5.99,20.63,18.03,16543.0,559.59,small
10.08,23.53,26.92,65585.0,265.95,large
18.6,40.25,12.41,16581.0,1012.03,small
5.66,21.31,24.57,632270.0,1118.78,superLarge
8.5,21.96,21.02,51418.0,572.76,large
36.03,59.06,5.46,12135.0,2584.96,small
13.85,25.81,19.9,18167.0,450.38,small
23.66,38.66,13.01,142216.0,984.34,large
6.56,26.3,9.82,12142.0,259.88,small
14.9,31.17,18.78,21947.0,711.46,small
6.38,14.65,40.8,10448.0,749.31,small
3.37,9.73,35.78,31896.0,514.53,medium
4.2,13.21,26.61,24174.0,273.42,small
21.36,41.31,18.79,18906.0,489.94,small
3.61,11.92,45.02,54052.0,57.79,large
7.09,15.65,54.17,95802.0,985.62,large
12.6,29.22,10.18,13989.0,259.44,small
6.09,17.09,16.15,28158.0,101.26,medium
15.44,35.25,16.67,75491.0,728.32,large
2.54,14.49,19.34,13950.0,254.39,small
3.9,9.9,57.15,21265.0,239.75,small
1.47,5.07,53.18,19749.0,34.98,small
4.83,16.51,23.51,10582.0,55.76,small
14.81,39.35,15.47,736014.0,3081.26,superLarge
3.56,10.69,46.29,22869.0,909.37,small
15.8,28.61,14.12,12388.0,105.5,small
31.0,42.14,19.07,84021.0,739.5,large
3.26,11.08,33.14,33840.0,321.96,medium
1.94,10.49,31.87,12623.0,15.03,small
5.18,17.28,14.88,26506.0,441.95,medium
18.05,31.59,18.53,27334.0,1726.58,medium
2.04,7.07,36.98,52422.0,144.0,large
8.61,22.13,25.36,45061.0,373.88,medium
11.42,31.89,9.68,27341.0,1304.02,medium
3.97,12.72,14.14,24692.0,232.55,small
5.93,18.27,17.94,46951.0,524.76,medium
7.65,26.22,10.85,43426.0,439.29,medium
5.08,20.81,19.62,20075.0,154.31,small
4.25,16.93,13.02,10434.0,171.7,small
9.55,26.13,24.07,14061.0,271.86,small
25.38,48.77,6.16,90454.0,2169.92,large
11.71,30.65,20.71,23087.0,1124.03,small
5.09,21.06,17.33,26763.0,255.32,medium
10.6,27.62,20.05,20592.0,2209.01,small
13.46,33.24,14.5,10005.0,2119.93,small
11.47,22.96,24.32,34438.0,331.04,medium
24.59,45.4,9.82,11194.0,1000.98,small
4.32,12.44,17.41,17176.0,99.93,small
4.97,14.58,27.88,14583.0,247.89,small
5.49,18.63,17.67,73557.0,987.28,large
10.43,24.22,11.19,13030.0,45.13,small
1.23,3.63,66.98,13874.0,354.46,small
17.74,36.57,17.51,30326.0,1884.24,medium
9.35,26.66,9.48,51881.0,309.78,large
3.49,13.72,20.63,23138.0,332.61,small
5.75,23.97,11.33,16113.0,167.79,small
0.93,5.76,45.77,39788.0,208.03,medium
5.16,12.38,44.47,25787.0,264.12,medium
2.46,8.1,36.72,22539.0,106.98,small
4.71,18.67,21.15,11354.0,348.32,small
8.64,22.94,16.22,25594.0,286.4,medium
20.26,35.7,15.58,11952.0,742.94,small
19.97,43.81,9.12,43877.0,353.39,medium
3.79,14.57,20.42,17460.0,803.36,small
5.94,15.25,48.52,13279.0,84.88,small
12.65,31.22,13.23,22205.0,346.72,small
10.89,29.57,17.48,610337.0,1633.81,superLarge
5.67,15.0,27.6,19460.0,786.89,small
14.32,31.14,23.89,12823.0,360.5,small
4.35,10.45,44.3,36676.0,267.59,medium
0.7,4.11,55.06,18219.0,538.17,small
18.32,38.79,15.26,12183.0,499.72,small
7.53,23.06,13.82,15076.0,198.58,small
5.6,16.54,16.87,50618.0,410.47,large
9.68,27.58,12.52,21507.0,1276.17,small
2.44,10.46,30.22,35308.0,58.2,medium
4.48,13.23,33.6,11873.0,143.18,small
4.51,15.28,21.81,30093.0,206.47,medium
16.7,34.55,10.0,58724.0,1644.35,large
13.67,27.97,27.59,12257.0,1282.68,small
2.64,7.71,45.56,47923.0,194.49,medium
6.65,27.14,6.4,13241.0,97.97,small
3.29,11.17,38.01,19505.0,541.74,small
5.57,20.04,15.76,11804.0,838.59,small
22.93,44.42,8.52,26866.0,3364.91,medium
3.58,13.13,26.67,27725.0,700.63,medium
3.0,11.6,23.76,74625.0,320.3,large
44.56,58.41,8.43,32921.0,880.21,medium
13.4,34.63,11.75,16370.0,428.7,small
18.87,34.29,10.7,61284.0,774.19,large
6.88,21.65,13.74,112301.0,581.49,large
18.01,35.02,18.81,15085.0,503.48,small
3.26,11.0,36.01,39983.0,111.56,medium
8.02,23.14,15.25,11656.0,459.24,small
6.74,19.14,16.31,28082.0,233.06,medium
4.68,18.14,23.04,13178.0,378.11,small
10.26,21.93,27.48,35481.0,217.44,medium
7.35,23.48,17.35,24453.0,238.15,small
7.8,20.35,20.85,77671.0,453.49,large
1.99,6.77,49.08,10531.0,27.66,small
5.22,15.03,26.43,10592.0,377.36,small
1.39,4.88,52.85,110330.0,111.68,large
12.33,25.49,22.24,17173.0,215.44,small
28.9,49.75,8.23,41967.0,1214.45,medium
6.0,15.89,20.5,23219.0,174.98,small
3.42,13.34,21.12,100217.0,237.24,large
2.92,9.57,36.34,21816.0,78.56,small
6.67,21.94,19.21,48622.0,529.02,medium
9.47,27.44,17.3,10639.0,1444.58,small
11.62,28.39,17.11,21044.0,926.23,small
2.76,8.31,37.73,17301.0,61.66,small
10.85,26.69,16.56,13790.0,155.09,small
15.2,31.51,15.28,34874.0,433.21,medium
4.85,10.79,53.61,19757.0,88.69,small
2.18,5.7,37.87,19027.0,11.72,small
5.68,18.6,18.92,53797.0,285.38,large
12.26,26.26,26.89,55002.0,827.14,large
13.52,24.6,29.54,10398.0,278.92,small
1.83,4.84,54.39,19378.0,2008.66,small
5.33,12.26,47.87,21652.0,450.45,small
7.5,20.03,21.89,26359.0,236.38,medium
6.58,17.78,24.41,13035.0,368.19,small
18.2,36.91,16.75,16312.0,825.36,small
3.19,8.35,54.74,24720.0,39.02,small
10.72,25.34,22.52,29038.0,624.31,medium
5.59,18.98,18.9,193187.0,461.42,large
8.32,22.23,20.97,31300.0,123.1,medium
8.73,20.88,18.61,14288.0,214.31,small
5.83,12.68,46.63,60110.0,225.99,large
8.47,20.22,16.97,13900.0,134.03,small
8.85,28.73,6.73,50418.0,395.44,large
3.51,10.0,40.39,26687.0,284.14,medium
10.27,29.99,15.84,12967.0,508.57,small
10.78,27.44,14.56,12038.0,118.6,small
8.37,18.38,12.0,11739.0,258.16,small
13.96,29.44,14.25,10795.0,25.51,small
20.61,42.28,8.87,15238.0,478.65,small
9.97,23.7,18.39,51266.0,904.83,large
12.72,29.43,23.32,15820.0,532.85,small
5.36,11.77,36.54,11997.0,24.59,small
22.88,39.22,12.49,29563.0,589.14,medium
11.37,22.48,36.26,131591.0,1280.74,large
12.07,32.17,8.59,28334.0,506.39,medium
10.44,26.91,23.13,17366.0,853.28,small
10.58,24.42,14.7,14369.0,123.17,small
12.87,33.44,9.01,10687.0,456.87,small
16.01,33.47,15.48,10033.0,397.28,small
8.87,27.12,18.94,16491.0,1964.1,small
17.48,37.55,9.81,43264.0,1587.93,medium
9.93,15.55,34.66,16270.0,45.89,small
7.49,24.95,14.8,15346.0,391.64,small
5.12,15.78,25.72,43929.0,345.37,medium
4.97,15.21,20.99,288091.0,719.23,superLarge
3.83,9.35,39.65,14133.0,312.39,small
10.37,29.89,7.25,18100.0,389.09,small
7.33,18.13,23.85,280039.0,377.37,superLarge
4.25,13.74,28.47,10325.0,257.86,small
17.8,38.36,18.49,18601.0,962.82,small
3.77,10.51,46.79,22987.0,124.69,small
6.84,20.31,19.07,133793.0,455.92,large
8.24,21.01,15.64,14789.0,93.44,small
14.08,31.37,18.4,49188.0,3834.1,medium
14.37,35.59,8.71,10753.0,36.91,small
2.81,9.61,26.85,226338.0,872.98,superLarge
7.43,19.29,26.19,155037.0,401.73,large
7.06,16.55,30.79,25001.0,1331.08,medium
4.76,10.34,42.97,12563.0,31.51,small
11.28,31.06,15.97,37708.0,1153.03,medium
10.04,19.66,16.54,23916.0,127.57,small
12.13,24.79,27.26,94440.0,869.6,large
8.41,23.23,9.77,15698.0,173.57,small
5.74,20.22,13.87,25265.0,203.33,medium
13.4,32.59,12.35,22631.0,1391.58,small
6.71,16.78,31.32,12053.0,384.21,small
0.61,2.78,53.52,32893.0,27.49,medium
12.12,29.65,16.72,34378.0,956.68,medium
15.95,41.66,9.55,37986.0,3583.48,medium
5.44,14.0,25.55,50689.0,345.39,large
10.39,22.86,14.05,22282.0,711.12,small
3.44,12.09,30.06,11712.0,231.16,small
12.74,27.54,18.99,11999.0,147.49,small
9.09,24.67,15.75,17737.0,506.21,small
12.67,28.52,20.77,10497.0,535.75,small
5.71,17.56,20.39,25746.0,211.4,medium
20.1,36.64,8.55,13404.0,521.09,small
21.16,41.07,9.06,54249.0,1469.9,large
3.18,14.15,26.46,12767.0,68.39,small
6.87,16.35,20.05,15696.0,188.13,small
3.2,11.78,27.28,56741.0,314.07,large
18.36,39.42,6.47,11026.0,235.07,small
16.38,30.13,21.2,17655.0,96.73,small
11.41,32.67,9.19,36094.0,920.55,medium
10.5,23.03,27.24,44922.0,791.96,medium
8.78,24.91,12.28,11451.0,1064.63,small
2.63,10.15,35.7,33685.0,278.64,medium
6.61,20.48,16.29,33233.0,67.2,medium
3.54,12.4,27.1,12841.0,824.95,small
13.96,26.24,21.59,16761.0,155.37,small
2.13,8.47,36.77,24127.0,166.15,small
5.87,14.66,35.8,47025.0,125.54,medium
4.69,15.84,15.43,77211.0,951.34,large
23.98,49.73,8.74,10026.0,1334.6,small
13.46,29.53,19.05,14312.0,48.01,small
3.77,14.05,30.43,27702.0,98.95,medium
10.14,25.57,25.74,37049.0,441.08,medium
5.5,14.97,22.1,18697.0,204.68,small
3.75,12.21,35.98,12179.0,56.51,small
20.22,41.29,7.73,29696.0,474.31,medium
15.86,30.99,19.09,354202.0,1418.55,superLarge
40.23,54.51,12.21,98962.0,953.67,large
13.14,36.28,12.31,14062.0,1215.48,small
7.99,17.28,29.83,114144.0,530.44,large
9.38,26.71,10.69,12101.0,537.26,small
6.07,17.51,26.35,22247.0,84.35,small
11.62,30.56,15.27,105090.0,681.43,large
6.17,18.86,20.15,18177.0,96.47,small
3.41,10.09,43.21,10830.0,85.9,small
16.42,34.52,15.32,16362.0,628.09,small
10.93,28.67,14.11,18059.0,84.57,small
4.83,12.47,35.13,29105.0,495.28,medium
11.68,35.24,8.81,116646.0,2154.96,large
10.33,30.67,9.22,84236.0,1395.22,large
2.21,11.64,25.33,13864.0,292.52,small
3.98,12.34,29.85,14748.0,106.96,small
7.67,19.31,19.17,17894.0,266.29,small
18.35,43.15,11.26,36830.0,2581.96,medium
7.54,20.34,16.28,29040.0,1088.12,medium
9.07,20.82,20.91,47039.0,155.42,medium
1.93,8.47,35.22,19564.0,149.6,small
16.36,35.35,15.25,18387.0,695.28,small
11.62,36.72,8.15,24800.0,297.37,small
28.32,51.75,4.08,14207.0,306.54,small
20.21,35.79,20.38,25276.0,832.32,medium
11.04,27.26,11.04,15714.0,212.73,small
7.62,23.05,13.76,22141.0,78.94,small
10.97,27.16,12.52,18403.0,346.99,small
2.78,10.16,44.18,11865.0,84.02,small
6.87,19.9,21.92,11312.0,171.06,small
9.53,27.71,11.15,12863.0,108.07,small
3.32,10.08,36.75,141865.0,556.4,large
12.27,29.52,14.83,14475.0,1240.39,small
6.97,16.26,42.9,11530.0,212.83,small
6.91,23.47,11.79,14558.0,130.01,small
5.7,15.33,34.13,30981.0,447.45,medium
6.52,17.03,20.94,17728.0,54.99,small
7.11,20.26,15.72,13176.0,487.73,small
4.45,12.66,37.63,49848.0,76.92,medium
10.82,28.15,20.13,28658.0,1227.61,medium
9.5,22.83,13.96,12060.0,771.88,small
4.41,12.49,30.49,11427.0,43.71,small
2.92,9.93,34.21,28132.0,454.84,medium
9.55,19.28,21.43,51003.0,74.09,large
6.01,21.32,11.71,21822.0,163.75,small
17.47,39.42,12.49,14939.0,906.29,small
21.83,45.84,7.98,18871.0,1093.88,small
8.75,25.73,16.07,46325.0,832.58,medium
16.4,31.37,17.22,15004.0,112.94,small
5.71,19.48,23.51,17350.0,657.11,small
12.56,25.64,21.07,10982.0,236.22,small
2.56,12.78,23.47,18893.0,270.39,small
12.85,32.81,17.23,269063.0,999.13,superLarge
2.08,5.58,53.74,27557.0,144.44,medium
19.56,39.11,13.46,12765.0,594.35,small
9.19,30.73,8.39,45549.0,2344.68,medium
9.29,23.46,29.44,80414.0,1283.7,large
2.02,6.95,60.51,24410.0,121.07,small
6.66,16.81,29.61,64358.0,673.11,large
10.99,30.67,10.33,13496.0,165.96,small
12.91,28.16,15.31,53549.0,275.38,large
1.66,8.25,27.88,24638.0,259.69,small
15.09,32.23,14.06,15115.0,253.89,small
7.17,23.68,18.11,20079.0,33.01,small
9.86,24.3,20.43,13559.0,126.61,small
8.72,21.54,35.4,136611.0,1169.38,large
2.29,5.34,62.17,15989.0,43.13,small
5.78,22.53,17.99,10074.0,170.42,small
16.53,37.76,13.67,12291.0,358.01,small
6.06,16.58,28.06,23928.0,479.52,small
4.64,19.86,14.95,46079.0,673.62,medium
14.88,28.01,14.24,19082.0,1392.77,small
14.15,22.7,22.63,24927.0,204.97,small
4.44,11.13,43.58,20608.0,67.86,small
3.04,9.91,37.19,35309.0,182.6,medium
5.27,12.1,18.08,16376.0,155.08,small
4.61,14.46,38.97,24631.0,93.7,small
7.21,18.81,35.13,108056.0,500.94,large
5.43,16.17,20.29,11452.0,134.91,small
5.99,17.5,19.77,42155.0,380.43,medium
2.15,8.86,55.62,11628.0,68.71,small
5.62,15.58,19.29,14396.0,366.66,small
7.84,20.48,29.54,78331.0,412.91,large
10.23,30.39,22.17,364040.0,1562.48,superLarge
4.65,17.09,21.74,21249.0,159.32,small
8.74,26.45,14.17,24426.0,911.96,small
14.51,30.99,14.56,27256.0,1660.33,medium
7.74,22.67,16.3,12358.0,137.42,small
6.86,23.7,13.37,258295.0,1014.86,superLarge
8.66,19.52,28.86,10579.0,375.6,small
18.56,42.24,5.43,13364.0,764.68,small
7.1,21.14,22.81,12805.0,146.46,small
1.81,7.1,42.82,12996.0,141.03,small
15.65,36.08,15.32,106612.0,820.1,large
5.23,16.4,27.78,10428.0,55.83,small
17.16,33.68,13.67,22906.0,2193.23,small
34.76,48.56,12.46,14729.0,339.49,small
14.2,30.39,12.98,30085.0,1231.81,medium
1.1,6.32,31.19,11668.0,44.86,small
7.22,18.66,28.25,44129.0,845.51,medium
10.14,34.58,9.23,20820.0,243.98,small
8.68,21.61,32.43,16189.0,794.37,small
10.68,30.4,13.88,21923.0,415.27,small
11.4,28.08,13.26,19859.0,140.25,small
25.54,44.6,11.27,10970.0,541.85,small
7.1,20.26,15.33,10940.0,131.59,small
2.53,9.77,37.68,32383.0,369.33,medium
9.78,26.95,20.74,55530.0,1202.99,large
11.4,24.43,25.96,186206.0,643.52,large
20.35,38.66,12.63,54780.0,902.54,large
7.74,25.62,12.94,92788.0,1315.31,large
6.98,21.2,20.59,76371.0,205.97,large
5.5,18.44,18.91,34012.0,513.6,medium
3.08,8.28,31.81,47585.0,383.35,medium
5.6,17.66,20.9,30250.0,74.0,medium
7.62,21.9,22.59,164693.0,2304.49,large
3.63,10.78,37.02,53240.0,908.08,large
3.11,8.55,43.63,28808.0,32.29,medium
19.62,39.17,14.2,12035.0,716.27,small
13.64,24.95,26.37,20393.0,124.14,small
11.66,28.99,13.82,13142.0,400.42,small
4.38,11.33,50.88,10573.0,18.87,small
6.32,22.95,13.81,65674.0,622.5,large
8.56,25.24,17.32,65566.0,1033.4,large
0.63,3.55,71.2,10602.0,137.47,small
11.14,26.04,27.04,41882.0,734.56,medium
2.1,5.98,51.96,15467.0,44.06,small
11.96,25.61,27.18,372242.0,2601.6,superLarge
6.64,18.7,30.35,30548.0,79.76,medium
3.18,12.58,26.8,39162.0,401.67,medium
5.83,16.49,24.45,33181.0,224.8,medium
8.67,20.52,25.09,24250.0,386.92,small
4.36,11.91,38.37,15600.0,37.13,small
3.65,12.43,36.62,14167.0,69.41,small
8.81,26.4,16.46,61921.0,2082.86,large
5.02,16.6,25.56,16685.0,203.29,small
13.03,29.94,13.68,29941.0,178.31,medium
44.5,58.05,7.6,12694.0,1266.08,small
15.21,32.62,12.31,68637.0,426.71,large
4.16,13.87,28.24,19976.0,106.42,small
11.39,28.58,9.87,40822.0,690.29,medium
6.57,19.41,20.2,96086.0,639.59,large
1.51,7.0,37.16,50553.0,144.9,large
8.78,26.39,11.71,14731.0,13.1,small
12.14,33.44,9.9,61368.0,1432.56,large
3.07,12.19,26.0,10275.0,358.0,small
4.44,14.51,27.47,23221.0,395.27,small
18.01,40.25,15.17,10712.0,985.78,small
4.96,10.33,54.84,28040.0,598.56,medium
4.85,13.08,32.75,45857.0,493.46,medium
12.08,27.01,17.73,11066.0,1045.45,small
8.39,24.0,21.74,15614.0,412.04,small
46.88,59.32,7.27,10815.0,307.42,small
2.21,8.37,43.78,13650.0,96.85,small
2.12,6.46,47.89,27357.0,268.94,medium
3.29,7.57,55.89,12304.0,147.83,small
13.37,33.1,10.88,21505.0,803.58,small
8.09,22.23,19.65,174820.0,974.37,large
2.62,11.55,30.52,10353.0,603.84,small
8.95,22.28,29.51,101082.0,1183.14,large
21.97,48.79,8.55,275221.0,3928.03,superLarge
9.96,30.7,14.65,73552.0,2941.62,large
7.78,24.93,16.21,63909.0,577.28,large
17.42,37.76,13.54,38386.0,1332.66,medium
12.87,28.77,14.67,63850.0,566.03,large
3.96,11.44,34.88,112669.0,390.93,large
16.42,37.24,21.63,160728.0,916.52,large
10.03,26.96,17.49,61741.0,1020.91,large
5.65,14.54,37.58,12804.0,183.56,small
14.14,30.69,15.29,11385.0,8.82,small
4.23,14.11,33.63,28835.0,395.81,medium
3.38,12.49,26.62,42655.0,319.39,medium
5.67,15.49,19.5,20935.0,132.89,small
3.34,6.65,71.16,38719.0,672.46,medium
10.44,30.4,11.33,13817.0,538.88,small
3.88,11.61,28.41,11587.0,212.78,small
3.53,13.58,21.01,37960.0,536.69,medium
14.05,28.82,18.19,18549.0,337.96,small
7.81,21.26,19.27,38372.0,885.56,medium
1.6,8.4,30.51,36659.0,137.16,medium
4.32,11.49,41.89,44630.0,188.02,medium
1.9,5.27,65.16,55900.0,241.21,large
1.95,6.87,42.62,15157.0,51.57,small
9.02,22.22,21.25,49389.0,199.45,medium
4.25,15.69,15.34,27652.0,207.47,medium
5.9,17.59,20.23,15324.0,420.62,small
8.13,22.42,14.09,12003.0,55.23,small
39.05,63.37,3.54,20850.0,1531.26,small
8.74,23.7,27.65,13502.0,62.17,small
44.2,68.7,2.82,22817.0,1593.54,small
2.94,8.15,55.47,16327.0,601.38,small
7.82,20.69,25.55,34185.0,216.31,medium
4.8,14.31,30.13,16032.0,61.69,small
5.46,18.94,17.8,40452.0,650.56,medium
9.96,23.65,15.17,19661.0,525.08,small
17.12,31.91,16.47,10177.0,182.15,small
5.68,11.35,41.55,10422.0,84.96,small
9.2,25.57,14.17,31083.0,125.06,medium
1.15,4.27,48.33,31306.0,25.7,medium
20.25,43.86,11.17,16410.0,730.58,small
2.35,7.79,40.27,21082.0,114.49,small
7.83,22.71,13.11,11224.0,61.33,small
2.89,9.91,51.24,14936.0,33.38,small
12.36,29.89,14.99,18262.0,178.33,small
11.08,24.82,30.88,76210.0,249.58,large
6.88,16.88,23.93,35418.0,43.35,medium
18.23,35.46,18.21,48414.0,294.3,medium
11.26,28.48,16.61,179278.0,611.05,large
7.94,23.5,13.67,27591.0,438.23,medium
14.33,33.08,15.97,50380.0,150.88,large
15.34,33.74,10.12,16825.0,669.02,small
6.52,20.96,20.38,15023.0,1987.15,small
25.26,44.8,11.96,16317.0,966.56,small
5.61,13.97,31.53,12286.0,134.26,small
8.52,26.03,21.11,76060.0,166.71,large
12.58,31.7,15.95,23682.0,938.43,small
4.82,10.4,49.12,40091.0,974.36,medium
13.43,34.97,9.93,35445.0,618.78,medium
7.43,18.96,25.68,29841.0,204.28,medium
5.11,14.16,14.42,63535.0,643.24,large
6.27,14.84,44.17,25879.0,360.85,medium
22.98,40.15,17.39,12054.0,669.95,small
6.97,15.22,32.38,52434.0,177.06,large
2.01,7.43,34.87,22814.0,190.01,small
14.87,29.14,21.79,37120.0,822.57,medium
3.79,11.01,34.88,41958.0,589.98,medium
1.76,7.02,34.29,43762.0,188.22,medium
13.58,23.13,19.83,18859.0,151.58,small
6.09,19.02,12.46,16513.0,145.76,small
7.78,22.56,18.91,70311.0,833.29,large
8.78,27.31,16.82,261229.0,1135.5,superLarge
10.65,30.7,16.15,265968.0,2466.68,superLarge
15.74,35.93,15.95,11591.0,750.53,small
6.79,14.97,22.12,30923.0,184.77,medium
17.99,38.91,12.28,141686.0,1908.96,large
5.78,13.91,26.83,11284.0,54.75,small
8.27,24.64,21.32,16848.0,364.21,small
2.98,8.97,39.12,12809.0,122.28,small
5.84,14.19,21.79,11340.0,15.86,small
3.14,9.74,41.75,30108.0,147.79,medium
14.15,32.9,12.51,28564.0,1680.3,medium
7.25,18.25,20.88,16425.0,83.81,small
9.71,30.88,9.43,33822.0,663.76,medium
9.18,26.84,12.18,80352.0,536.08,large
2.23,6.0,65.87,16021.0,103.24,small
10.13,20.9,33.12,85571.0,779.72,large
20.69,42.55,12.42,53056.0,385.23,large
9.27,29.84,6.83,16812.0,82.26,small
6.97,14.67,28.42,25494.0,236.6,medium
7.97,24.1,17.99,12322.0,716.61,small
20.83,42.8,17.41,44639.0,845.39,medium
1.84,9.08,23.51,26989.0,204.32,medium
9.48,22.42,24.07,11500.0,17.24,small
6.64,16.83,37.7,39103.0,297.32,medium
1.84,5.98,40.94,35800.0,143.51,medium
6.1,12.51,49.26,15850.0,50.49,small
3.05,6.82,63.68,54718.0,475.46,large
1.89,6.75,39.95,16786.0,39.21,small
20.39,42.35,16.2,25597.0,1138.05,medium
48.23,73.66,1.72,42355.0,1313.17,medium
13.67,31.05,18.83,30206.0,796.75,medium
3.07,9.24,45.34,22353.0,95.76,small
2.41,10.01,27.18,12345.0,211.18,small
5.18,11.77,42.87,27291.0,234.84,medium
3.83,11.27,31.33,53691.0,270.88,large
10.81,23.2,28.74,20098.0,497.69,small
14.44,32.13,16.72,14073.0,387.44,small
13.34,33.43,12.03,14716.0,1517.44,small
8.2,20.25,23.29,14507.0,130.17,small
13.76,34.07,18.55,14215.0,1108.14,small
15.88,31.55,16.18,31487.0,790.2,medium
15.08,37.82,8.51,10405.0,840.18,small
7.15,25.43,12.26,42985.0,373.65,medium
15.22,32.97,12.63,18400.0,325.15,small
8.23,15.14,42.2,31997.0,425.03,medium
3.28,13.58,22.02,45895.0,265.42,medium
2.92,15.09,15.25,20009.0,173.62,small
8.52,24.44,20.44,28716.0,1196.34,medium
7.5,22.88,15.74,173072.0,555.18,large
1.94,7.2,51.18,32503.0,358.64,medium
7.92,29.39,7.91,11706.0,106.04,small
1.96,15.77,20.38,31282.0,275.53,medium
5.7,17.14,12.18,29101.0,824.52,medium
12.83,27.5,15.67,33687.0,239.72,medium
4.98,16.66,25.78,14658.0,319.6,small
3.4,10.38,24.75,58043.0,175.54,large
10.62,32.97,9.67,84161.0,1224.0,large
6.13,20.82,16.28,10332.0,125.57,small
2.85,8.03,39.91,10762.0,138.54,small
8.85,22.51,21.33,72033.0,1203.87,large
2.13,5.08,58.87,83312.0,208.56,large
8.87,22.84,19.37,13268.0,950.27,small
4.42,10.82,32.74,13347.0,66.3,small
34.08,50.77,6.69,16839.0,754.26,small
10.19,23.09,23.16,20123.0,1002.66,small
8.02,25.54,9.32,29060.0,268.19,medium
2.42,7.6,35.36,31585.0,534.69,medium
3.23,12.18,19.21,21603.0,304.71,small
3.3,10.14,30.71,26751.0,114.21,medium
11.34,30.52,12.13,16603.0,120.26,small
23.25,40.47,13.52,31384.0,690.81,medium
8.37,17.27,14.91,12392.0,125.63,small
6.14,18.84,15.53,52133.0,197.14,large
3.82,10.41,38.96,18082.0,212.07,small
9.4,24.92,22.99,61607.0,697.28,large
19.51,37.65,11.36,15799.0,513.59,small
7.32,19.53,14.37,17140.0,546.28,small
1.33,4.96,51.3,25380.0,123.07,medium
3.42,13.45,22.81,37670.0,619.57,medium
6.19,21.15,15.56,13700.0,216.29,small
7.48,23.02,10.44,13383.0,167.34,small
11.89,27.58,20.85,54844.0,563.33,large
10.73,28.98,17.2,34213.0,485.98,medium
15.69,32.07,14.23,11414.0,1165.91,small
10.61,34.39,8.3,95706.0,2299.87,large
5.36,15.41,22.14,50008.0,199.81,large
3.54,11.63,31.93,22090.0,108.52,small
16.78,38.44,8.11,15550.0,286.67,small
6.32,14.7,16.09,11066.0,0.0,small
12.66,33.88,8.82,15757.0,238.59,small
7.85,28.3,8.5,31739.0,362.65,medium
5.79,21.47,16.33,18734.0,602.9,small
7.33,22.6,19.69,20314.0,483.61,small
19.45,41.92,8.06,11880.0,177.04,small
6.54,17.42,30.3,368383.0,1811.81,superLarge
1.31,4.46,61.25,14272.0,35.26,small
5.48,11.9,50.05,33830.0,370.67,medium
11.31,33.85,12.21,16027.0,1730.67,small
15.7,33.26,14.22,28583.0,857.47,medium
13.15,33.76,12.99,10426.0,1082.77,small
8.34,17.64,34.8,39127.0,179.92,medium
8.98,21.56,14.22,37649.0,467.36,medium
10.13,26.64,16.47,49847.0,2037.32,medium
1.15,4.62,42.86,35303.0,79.79,medium
14.15,31.32,23.71,54909.0,1956.24,large
17.77,30.36,24.39,21744.0,237.29,small
10.18,28.99,17.68,19381.0,1252.77,small
5.4,20.16,13.3,68842.0,1189.11,large
44.54,66.39,3.72,34365.0,867.12,medium
16.88,41.46,9.16,18942.0,2241.85,small
6.75,17.77,26.2,10735.0,219.84,small
7.47,18.79,18.79,128398.0,1019.98,large
19.9,38.35,12.49,13364.0,1317.64,small
11.58,30.55,13.97,26017.0,438.5,medium
9.11,22.94,12.13,33558.0,698.38,medium
5.31,16.42,41.18,40087.0,636.96,medium
9.47,21.37,43.42,12915.0,150.31,small
21.36,43.01,9.74,70207.0,2124.14,large
12.18,29.73,16.05,24160.0,484.83,small
3.9,13.79,25.76,38149.0,260.35,medium
8.15,17.74,29.77,1110549.0,1162.84,superLarge
17.13,33.6,15.18,12711.0,39.92,small
8.52,22.95,9.99,12381.0,150.9,small
4.07,14.66,17.61,24967.0,418.07,small
17.05,30.87,17.84,935933.0,672.57,superLarge
12.45,31.09,7.3,14363.0,117.03,small
4.94,14.3,26.88,113313.0,537.64,large
9.61,18.32,30.16,41259.0,333.19,medium
3.38,8.98,41.74,35184.0,177.84,medium
9.78,27.01,12.18,14120.0,338.62,small
20.68,42.26,6.61,33892.0,2572.91,medium
9.24,29.84,17.54,31656.0,1448.4,medium
8.05,23.34,15.93,68784.0,570.95,large
4.66,15.38,25.46,10747.0,415.11,small
14.33,24.6,15.73,10632.0,161.9,small
44.85,58.71,8.91,20651.0,712.74,small
12.2,31.91,24.24,203056.0,1617.17,superLarge
10.57,25.17,21.5,50024.0,409.11,large
7.74,20.43,21.34,20084.0,210.97,small
4.84,15.38,17.92,12974.0,349.17,small
8.68,20.14,31.88,18261.0,113.07,small
12.04,26.61,22.32,20688.0,793.23,small
5.29,14.6,39.07,11365.0,66.79,small
10.97,28.8,15.67,10588.0,1889.44,small
3.61,9.13,52.54,26609.0,85.15,medium
2.24,10.18,26.83,12169.0,56.56,small
1.52,13.93,20.49,13476.0,103.43,small
4.04,17.2,22.09,12567.0,298.25,small
11.07,28.84,21.98,163860.0,852.74,large
1.98,5.48,52.06,40263.0,349.61,medium
16.05,30.39,17.05,42198.0,847.77,medium
23.34,44.38,14.2,58041.0,1075.77,large
7.99,18.98,21.38,10227.0,79.71,small
3.65,11.93,26.14,111348.0,534.46,large
18.0,40.56,14.44,139739.0,2288.32,large
7.26,22.09,24.04,13142.0,316.14,small
14.58,33.09,16.06,12420.0,782.85,small
2.53,9.7,26.3,222103.0,1807.31,superLarge
4.02,11.06,42.74,25684.0,30.76,medium
7.92,21.33,20.53,12942.0,159.55,small
1.99,10.3,31.13,11343.0,268.82,small
6.21,24.21,11.26,58362.0,1007.94,large
0.82,2.95,67.41,19810.0,44.32,small
18.34,34.62,13.1,10420.0,578.26,small
11.45,23.73,27.35,26481.0,267.64,medium
15.26,33.18,14.11,108961.0,566.06,large
7.27,17.02,29.15,10446.0,86.9,small
5.73,17.41,21.03,20999.0,48.33,small
10.09,23.77,19.95,20456.0,204.98,small
9.75,20.62,33.06,19872.0,504.2,small
9.31,26.99,9.09,11751.0,1581.25,small
4.81,15.89,26.83,20244.0,80.26,small
2.71,10.74,26.07,19033.0,170.78,small
6.01,18.95,12.44,29462.0,234.92,medium
3.22,14.04,22.32,47358.0,79.56,medium
10.98,30.16,11.64,25992.0,952.56,medium
6.74,20.74,15.78,176664.0,1849.26,large
2.1,6.28,41.14,12926.0,59.7,small
13.22,26.75,21.17,46535.0,572.35,medium
5.32,20.82,19.01,49708.0,1168.18,medium
2.98,9.55,31.41,20384.0,173.64,small
10.09,18.45,21.06,34544.0,104.17,medium
14.03,35.13,16.93,13553.0,1289.31,small
1.23,5.25,41.83,31702.0,147.0,medium
9.36,21.7,24.47,11632.0,220.3,small
5.78,19.75,19.03,29387.0,787.17,medium
5.5,15.51,33.82,88680.0,143.94,large
8.08,25.86,11.78,12482.0,463.85,small
6.13,14.6,31.19,25067.0,407.57,medium
1.24,4.03,63.25,14358.0,248.57,small
6.13,15.84,18.6,37352.0,372.83,medium
5.77,16.48,26.51,20906.0,28.45,small
12.85,24.36,16.1,10550.0,89.62,small
7.2,17.9,12.84,22686.0,385.5,small
10.16,29.18,20.36,32090.0,241.68,medium
10.23,24.39,27.48,18419.0,352.5,small
4.76,20.07,21.8,56788.0,361.82,large
9.23,23.75,16.99,111498.0,1118.18,large
4.32,11.5,31.37,34298.0,129.17,medium
7.28,19.05,18.65,20489.0,251.32,small
16.88,38.75,9.62,12267.0,149.98,small
5.02,13.06,26.02,16534.0,295.76,small
20.43,35.42,13.1,13692.0,272.83,small
2.56,9.5,43.92,27974.0,167.41,medium
12.72,31.55,21.78,28844.0,1102.6,medium
22.55,46.34,8.19,11683.0,1083.09,small
23.03,39.95,9.94,25062.0,863.57,medium
3.77,14.49,21.76,41688.0,596.65,medium
5.94,13.7,34.67,16857.0,139.76,small
17.9,35.87,14.85,14292.0,828.73,small
8.94,21.02,26.48,57878.0,455.62,large
8.09,20.84,21.82,38518.0,59.64,medium
9.43,22.7,19.72,35761.0,939.47,medium
10.9,28.73,17.76,24725.0,1419.14,small
9.8,27.75,18.0,34402.0,1577.48,medium
9.87,24.84,19.72,114323.0,1250.99,large
0.2,5.85,32.44,11500.0,127.76,small
10.02,26.18,13.58,50452.0,384.07,large
14.96,25.05,16.09,10030.0,246.55,small
4.13,10.4,41.26,12361.0,232.79,small
18.04,40.87,10.8,11838.0,77.77,small
12.27,28.73,14.2,18042.0,1163.91,small
6.92,18.89,29.14,17655.0,682.12,small
11.12,23.11,18.18,10401.0,395.6,small
9.21,23.91,11.56,12324.0,1230.84,small
6.45,20.44,22.69,15718.0,76.88,small
9.81,28.5,14.83,628088.0,966.16,superLarge
8.03,23.89,13.36,30050.0,1201.23,medium
13.23,30.57,12.3,10747.0,134.43,small
18.77,35.28,12.06,10610.0,292.57,small
0.75,4.05,56.35,32063.0,340.76,medium
7.18,24.0,14.2,44822.0,348.12,medium
2.21,8.82,33.01,22156.0,22.33,small
4.78,15.31,21.12,14589.0,244.05,small
13.6,28.58,17.78,24461.0,171.38,small
5.41,14.19,33.8,24710.0,85.1,small
9.54,24.37,12.18,11843.0,121.32,small
4.42,13.4,29.93,173339.0,483.47,large
1.37,5.1,48.76,43858.0,161.68,medium
17.83,38.64,15.3,10733.0,310.65,small
4.08,10.22,40.03,25792.0,141.42,medium
16.44,41.82,10.53,88675.0,2065.29,large
7.99,22.92,20.36,40181.0,1265.25,medium
9.36,25.12,10.11,40773.0,617.09,medium
6.71,15.08,19.94,26840.0,90.66,medium
6.81,13.14,44.25,10034.0,76.24,small
11.26,28.75,17.11,12200.0,1938.17,small
15.41,31.08,18.72,13852.0,219.16,small
11.57,31.87,10.12,28434.0,1307.21,medium
7.65,19.58,16.17,13882.0,113.81,small
25.33,43.22,8.59,11992.0,698.18,small
9.38,23.53,12.43,11257.0,116.97,small
6.4,21.38,19.23,27537.0,597.51,medium
9.56,26.85,33.31,606900.0,3048.38,superLarge
5.72,17.42,14.87,62195.0,720.85,large
10.77,16.58,26.39,49256.0,83.27,medium
3.77,11.44,46.09,11590.0,444.97,small
9.31,23.03,14.92,17834.0,186.81,small
13.51,28.02,14.69,12922.0,1502.52,small
2.91,13.65,15.91,42892.0,90.01,medium
8.59,22.83,17.78,25325.0,390.07,medium
10.96,23.97,28.04,10636.0,458.81,small
3.81,9.03,53.11,19952.0,96.77,small
6.39,14.73,30.16,85486.0,440.66,large
13.84,32.98,17.94,26623.0,3540.57,medium
10.47,24.83,19.31,38145.0,408.34,medium
16.94,35.79,16.24,15195.0,568.5,small
1.64,6.02,53.23,10883.0,78.88,small
8.19,16.24,41.43,33284.0,740.32,medium
10.61,26.45,21.7,10742.0,669.13,small
2.1,5.02,63.78,46209.0,138.1,medium
1.85,6.27,59.34,18196.0,27.07,small
25.43,46.75,11.22,13983.0,1029.02,small
35.64,59.08,3.91,61945.0,2956.98,large
4.11,9.68,58.67,102724.0,1625.6,large
19.15,39.18,9.78,11514.0,1514.12,small
10.96,30.13,26.65,394017.0,4026.59,superLarge
3.06,9.23,29.04,29188.0,242.12,medium
8.68,22.02,15.22,12454.0,439.32,small
31.05,50.34,9.72,99922.0,1432.64,large
9.24,22.79,16.17,10793.0,243.53,small
14.44,31.47,10.98,133179.0,1160.86,large
5.78,14.24,26.2,90533.0,223.64,large
22.72,39.87,11.49,26727.0,285.93,medium
11.78,29.41,12.71,19959.0,476.86,small
7.2,22.12,20.12,53884.0,887.01,large
6.23,19.78,20.36,98784.0,1155.27,large
17.3,35.69,20.73,16029.0,800.14,small
6.18,17.59,31.62,34256.0,499.32,medium
7.96,26.5,12.57,24137.0,383.23,small
13.43,34.37,9.9,35976.0,89.07,medium
6.31,14.77,15.31,10923.0,83.09,small
4.45,13.0,35.58,15568.0,107.37,small
6.8,18.46,21.69,107786.0,332.86,large
11.83,28.34,10.31,24730.0,113.34,small
11.39,29.95,16.61,61444.0,487.27,large
10.02,26.81,14.33,81245.0,1764.17,large
2.75,7.21,55.95,17076.0,39.54,small
9.23,22.57,19.84,93086.0,408.3,large
8.95,27.66,11.97,61815.0,1707.41,large
7.57,19.18,23.56,14629.0,106.6,small
38.98,48.47,12.46,21877.0,487.18,small
5.85,17.15,28.03,17038.0,297.32,small
14.04,39.3,7.01,11492.0,131.14,small
13.95,34.23,17.7,12520.0,759.91,small
2.13,6.04,58.73,28974.0,13.32,medium
2.96,9.66,34.73,32315.0,231.23,medium
4.2,13.08,23.96,44685.0,540.49,medium
22.12,47.73,6.1,59177.0,1348.6,large
8.24,23.93,16.74,17392.0,86.15,small
3.58,10.4,29.51,19631.0,70.12,small
3.29,11.75,24.08,19279.0,280.63,small
14.83,35.08,18.92,23799.0,449.67,small
9.02,29.35,6.79,15472.0,386.63,small
5.0,13.9,36.38,64989.0,978.02,large
6.39,13.67,32.04,12481.0,63.43,small
3.04,9.6,32.49,15223.0,434.14,small
11.46,27.22,26.03,30872.0,689.27,medium
8.81,18.06,36.45,66270.0,694.91,large
9.48,25.2,15.21,13280.0,210.67,small
14.32,30.51,13.64,89699.0,798.57,large
25.14,40.17,11.44,11472.0,736.96,small
8.11,18.34,25.58,110658.0,473.71,large
16.95,35.7,11.45,22676.0,662.2,small
6.13,19.12,12.76,14698.0,463.84,small
16.88,25.05,14.01,10704.0,507.39,small
3.31,11.4,30.97,36048.0,391.99,medium
14.66,30.89,11.26,19800.0,582.45,small
6.58,18.0,16.36,10069.0,298.97,small
9.76,27.39,20.06,10904.0,517.6,small
4.75,11.47,39.85,31954.0,874.44,medium
13.22,28.93,23.47,13739.0,1790.5,small
12.85,29.68,15.87,13243.0,651.61,small
13.41,38.11,8.4,23674.0,489.45,small
7.38,21.0,23.66,57407.0,778.93,large
0.98,4.76,58.28,13088.0,282.67,small
28.35,47.5,8.91,29281.0,1230.71,medium
5.02,16.58,22.12,14265.0,186.22,small
4.72,11.9,28.96,12518.0,110.86,small
4.49,14.0,21.06,101409.0,340.63,large
23.93,42.63,11.21,21385.0,384.56,small
7.63,23.1,14.09,11949.0,109.9,small
5.23,17.19,20.49,14870.0,208.02,small
21.54,40.94,11.42,10019.0,1522.7,small
7.26,23.13,18.39,672971.0,1681.08,superLarge
4.65,15.13,27.5,18899.0,62.43,small
9.35,24.39,13.01,11657.0,30.44,small
3.44,9.95,29.93,13683.0,323.35,small
24.62,42.28,8.77,20337.0,881.06,small
9.7,21.19,24.21,92311.0,579.84,large
13.49,31.18,13.13,41194.0,1700.7,medium
27.77,46.07,8.91,14757.0,1339.48,small
3.89,10.17,40.55,22792.0,165.71,small
7.82,24.58,9.55,15280.0,527.37,small
4.66,15.42,27.15,30897.0,261.47,medium
8.03,23.94,21.88,30685.0,300.0,medium
13.15,33.01,12.64,10428.0,234.68,small
13.0,30.57,9.26,19025.0,462.84,small
28.2,48.48,8.07,10809.0,706.19,small
13.36,30.97,18.97,21283.0,1202.68,small
12.14,38.35,7.55,10701.0,519.3,small
8.72,26.26,11.07,17215.0,253.7,small
2.67,8.68,37.23,35406.0,41.65,medium
17.12,37.64,15.52,13220.0,686.71,small
4.12,10.4,35.8,63126.0,541.12,large
7.97,19.24,19.18,61842.0,611.64,large
20.61,38.15,20.04,21761.0,595.42,small
8.2,27.57,11.31,35573.0,343.81,medium
10.65,22.88,22.66,25968.0,648.57,medium
12.91,28.15,16.42,37391.0,543.6,medium
2.62,9.37,37.02,53672.0,470.21,large
4.42,14.0,16.2,10903.0,272.91,small
14.08,34.32,21.43,228537.0,2017.65,superLarge
7.79,19.15,17.76,25178.0,399.17,medium
14.3,28.26,23.72,19208.0,604.73,small
4.26,11.54,43.46,22242.0,870.26,small
13.31,30.19,18.3,27610.0,1404.47,medium
11.53,24.6,13.24,49676.0,145.74,medium
10.14,28.02,14.85,84298.0,811.92,large
5.96,19.01,16.64,66462.0,631.89,large
11.05,26.22,20.37,46109.0,1164.57,medium
4.06,12.41,40.79,12197.0,56.43,small
15.87,24.31,19.23,15571.0,129.56,small
4.85,14.01,36.07,14510.0,291.41,small
2.55,10.0,27.12,14637.0,199.0,small
15.65,35.12,10.29,13603.0,471.89,small
9.15,25.83,21.85,149377.0,1421.42,large
11.53,25.19,30.04,10283.0,460.5,small
2.5,9.43,41.57,11818.0,39.71,small
8.33,23.48,22.36,19536.0,761.6,small
5.79,17.17,13.19,19772.0,369.08,small
3.16,12.08,34.36,12635.0,208.06,small
8.56,19.62,15.23,10555.0,278.38,small
3.56,16.94,13.84,27195.0,330.1,medium
4.02,13.86,18.46,28695.0,367.02,medium
4.92,20.93,14.1,21564.0,248.69,small
2.4,6.78,46.58,128713.0,303.7,large
2.31,8.07,36.63,40052.0,221.18,medium
7.23,20.85,31.07,10404.0,1759.0,small
8.91,21.07,16.25,26478.0,903.3,medium
13.37,35.63,5.85,17406.0,2008.28,small
16.96,32.08,20.35,36365.0,570.65,medium
6.93,17.95,28.33,27817.0,82.59,medium
1.41,7.03,32.79,21531.0,179.06,small
9.43,29.16,11.94,32387.0,1440.54,medium
23.45,41.17,9.4,20183.0,1199.22,small
4.53,12.15,27.19,52303.0,270.09,large
5.03,14.36,31.76,40079.0,449.15,medium
3.3,10.12,22.91,21211.0,115.14,small
13.64,33.07,16.67,48997.0,1275.11,medium
21.67,41.04,9.98,11305.0,1204.92,small
8.92,28.83,9.53,29764.0,290.39,medium
9.83,26.12,19.83,53008.0,284.04,large
11.99,29.76,14.24,23622.0,514.54,small
6.03,20.92,17.93,21976.0,69.59,small
5.06,17.72,16.81,52267.0,513.0,large
18.64,40.9,10.62,25312.0,816.58,medium
6.32,22.32,11.34,23644.0,469.8,small
14.54,35.82,7.24,28134.0,694.37,medium
15.3,32.93,12.1,14256.0,277.22,small
5.96,20.41,14.37,17710.0,239.32,small
10.05,25.21,15.82,164730.0,813.57,large
14.93,34.99,7.21,15535.0,632.63,small
15.15,30.9,12.48,10988.0,178.97,small
13.74,29.99,21.08,59070.0,1756.74,large
1.53,5.01,57.87,28061.0,173.3,medium
5.66,20.55,15.4,11005.0,313.48,small
5.15,17.65,16.86,71479.0,433.92,large
2.31,4.86,54.14,47198.0,91.93,medium
6.54,27.29,9.56,10129.0,602.73,small
2.33,8.6,43.2,19848.0,44.79,small
5.59,19.43,16.23,25549.0,491.54,medium
6.0,13.09,48.55,111183.0,659.56,large
10.33,26.53,16.5,11163.0,1292.78,small
7.61,17.31,28.55,16202.0,150.18,small
2.17,9.43,27.42,23260.0,349.87,small
7.91,20.49,28.19,27099.0,279.55,medium
9.99,27.43,8.56,11820.0,739.25,small
43.86,59.01,8.54,12652.0,284.75,small
8.59,27.12,15.71,121697.0,822.7,large
9.03,27.55,20.12,369879.0,1262.47,superLarge
9.52,19.99,28.27,25651.0,210.28,medium
9.92,23.54,14.17,18624.0,464.08,small
4.25,13.26,29.31,14451.0,42.54,small
12.35,27.14,20.43,71742.0,205.68,large
4.26,15.79,22.32,45608.0,896.83,medium
3.6,8.55,42.71,87758.0,383.57,large
8.52,23.89,22.57,18045.0,75.22,small
26.03,46.16,9.96,51638.0,1262.31,large
3.04,9.95,42.71,16234.0,144.9,small
4.96,14.97,36.73,10084.0,1425.33,small
7.27,21.69,17.46,26326.0,1607.89,medium
16.46,36.54,7.94,17753.0,121.81,small
19.87,37.63,13.92,21700.0,567.16,small
8.47,22.98,17.39,15743.0,627.91,small
3.51,12.24,30.74,22095.0,69.34,small
5.3,19.13,23.11,21080.0,2586.29,small
35.19,52.26,7.64,12069.0,235.59,small
3.54,13.46,12.17,21435.0,180.13,small
9.75,26.27,18.38,72411.0,2682.28,large
8.77,22.37,19.43,11622.0,16.92,small
2.96,9.51,39.26,16392.0,94.15,small
5.79,23.01,12.44,15745.0,929.91,small
10.79,26.19,13.34,19220.0,350.93,small
5.87,19.0,14.2,69961.0,530.22,large
2.73,8.52,35.99,53310.0,316.1,large
8.48,22.29,17.38,11199.0,421.76,small
7.82,22.15,24.38,14732.0,137.94,small
9.51,30.57,9.2,11677.0,216.87,small
7.19,20.26,23.4,10539.0,54.25,small
8.61,24.28,17.77,157615.0,671.46,large
8.8,25.24,20.27,18867.0,309.84,small
12.32,29.69,13.37,40213.0,1095.4,medium
4.44,15.07,26.08,43063.0,106.23,medium
3.3,11.47,35.25,11290.0,123.33,small
1.19,5.62,53.32,25083.0,23.52,medium
11.29,25.6,16.14,143050.0,616.67,large
4.8,10.96,41.3,32509.0,88.7,medium
37.18,59.31,5.41,22580.0,1129.23,small
2.53,7.03,58.16,28703.0,58.23,medium
15.24,33.72,11.83,25945.0,1292.18,medium
9.09,28.3,11.96,23304.0,1013.71,small
2.98,8.78,52.49,29151.0,103.65,medium
17.72,33.37,15.01,210943.0,1564.23,superLarge
4.23,15.41,19.78,13020.0,91.37,small
9.96,29.71,12.8,12133.0,125.67,small
6.65,18.65,23.32,17779.0,786.35,small
5.4,16.66,23.51,26455.0,438.76,medium
42.9,58.07,7.6,22762.0,747.58,small
14.75,33.7,20.39,16901.0,556.88,small
6.1,18.88,15.89,19513.0,128.51,small
8.84,24.3,15.86,21101.0,284.54,small
6.78,20.72,18.03,27025.0,1089.42,medium
9.94,22.05,18.25,108635.0,624.28,large
2.75,9.8,34.74,12123.0,620.31,small
4.22,16.06,19.4,14378.0,696.31,small
3.24,8.19,53.98,14116.0,161.4,small
10.92,28.86,9.57,12778.0,618.06,small
4.14,13.68,31.57,25098.0,243.44,medium
9.16,25.67,15.43,44350.0,140.42,medium
13.48,28.37,19.3,18296.0,1199.16,small
4.7,12.2,46.65,83816.0,233.77,large
2.99,9.77,33.3,22776.0,66.52,small
27.22,49.9,6.93,47669.0,1964.89,medium
10.55,25.74,16.64,20210.0,521.89,small
25.43,43.25,11.48,14745.0,455.99,small
5.42,20.42,18.2,19380.0,142.71,small
16.03,32.05,14.28,20125.0,816.99,small
4.84,12.75,25.25,19926.0,24.29,small
16.63,35.44,9.96,14979.0,105.23,small
7.75,30.5,9.03,20612.0,210.81,small
3.9,13.47,27.36,10063.0,87.96,small
3.32,9.64,32.37,41100.0,315.14,medium
8.17,21.8,24.52,38091.0,230.76,medium
3.03,11.82,29.63,126481.0,493.93,large
30.89,52.37,12.79,358548.0,3829.21,superLarge
5.17,14.18,32.08,26716.0,89.44,medium
3.47,12.82,37.07,14985.0,428.64,small
14.65,35.05,14.58,16127.0,900.31,small
15.61,29.38,15.35,18170.0,592.36,small
5.17,15.74,13.87,16192.0,133.38,small
9.82,32.4,10.0,11038.0,1054.23,small
2.52,7.34,37.44,15648.0,232.83,small
5.66,16.76,22.67,11997.0,450.75,small
5.9,16.09,28.43,384736.0,1595.37,superLarge
2.41,9.11,38.21,22965.0,343.74,small
10.52,23.28,23.37,25355.0,15.14,medium
4.66,14.28,36.89,15197.0,399.28,small
9.5,22.53,20.58,53762.0,551.55,large
15.26,30.1,19.49,22122.0,2728.14,small
10.54,22.74,26.44,42762.0,220.58,medium
0.57,2.09,58.44,16366.0,64.07,small
5.33,14.32,33.68,48478.0,148.57,medium
1.59,4.79,53.58,41659.0,324.61,medium
8.91,27.71,15.37,11727.0,1305.64,small
11.92,32.44,11.71,13902.0,286.49,small
7.24,19.98,15.05,46380.0,865.28,medium
10.75,28.56,18.88,46567.0,1576.9,medium
8.08,28.14,8.06,15337.0,981.19,small
1.5,7.93,33.6,15489.0,541.89,small
11.19,24.65,17.95,28540.0,710.78,medium
6.25,16.88,21.91,31100.0,542.71,medium
4.65,14.33,34.1,11077.0,214.53,small
3.85,10.31,42.98,10888.0,76.9,small
0.89,2.64,66.55,11818.0,108.87,small
4.96,15.31,24.53,13367.0,276.81,small
8.1,21.56,20.04,13055.0,141.44,small
6.93,18.96,16.12,10823.0,237.1,small
2.96,7.74,39.77,36176.0,223.06,medium
7.87,21.37,21.13,37861.0,809.72,medium
6.53,17.43,22.6,13645.0,208.13,small
4.68,12.91,37.06,117229.0,249.62,large
10.43,28.38,16.73,42045.0,1622.96,medium
4.63,10.36,43.34,17905.0,80.24,small
2.69,9.18,34.51,130069.0,251.6,large
6.68,14.61,28.81,12844.0,112.75,small
9.41,21.7,28.99,89443.0,457.27,large
5.67,12.19,40.26,24559.0,269.6,small
3.39,12.2,21.82,12084.0,81.34,small
34.33,47.24,11.12,30705.0,302.47,medium
2.66,12.8,25.16,12105.0,173.4,small
3.15,11.25,26.79,13443.0,93.16,small
14.27,25.61,16.29,21325.0,161.73,small
3.76,10.76,35.8,16117.0,554.08,small
20.25,32.16,27.47,28743.0,461.98,medium
6.09,18.02,19.99,15607.0,659.78,small
3.45,11.43,39.72,20779.0,28.45,small
11.83,29.57,16.26,18168.0,661.06,small
11.66,37.09,3.91,13899.0,692.02,small
3.62,12.46,21.82,36326.0,957.64,medium
5.3,18.02,12.9,33102.0,447.63,medium
5.28,15.27,25.52,46521.0,293.63,medium
7.18,22.27,10.76,44683.0,515.95,medium
12.93,26.71,23.17,14842.0,278.88,small
5.13,13.56,32.18,17541.0,95.47,small
10.58,25.96,20.54,48761.0,521.87,medium
13.04,30.14,15.99,17363.0,2210.88,small
6.44,17.99,33.33,159789.0,1343.3,large
8.29,22.09,14.09,66467.0,661.25,large
13.01,24.76,27.11,14439.0,333.19,small
6.33,20.82,18.76,59646.0,1461.01,large
2.4,10.81,21.16,15561.0,339.84,small
30.14,46.41,10.66,31099.0,1513.08,medium
10.45,21.78,14.08,37757.0,398.42,medium
3.5,8.76,55.5,13326.0,44.92,small
7.21,18.6,31.0,19483.0,446.04,small
17.76,38.45,9.72,14280.0,1059.43,small
3.65,7.89,21.17,10023.0,259.79,small
3.73,12.38,26.69,286215.0,510.78,superLarge
10.45,36.55,5.3,11069.0,635.43,small
2.45,6.23,58.92,52456.0,219.36,large
3.11,7.55,46.14,12557.0,69.58,small
2.5,9.36,12.97,20268.0,255.89,small
12.89,30.94,12.41,15675.0,243.47,small
9.54,25.96,18.84,15403.0,148.02,small
9.4,21.58,19.42,57546.0,303.26,large
4.27,13.63,23.73,35943.0,246.09,medium
12.3,32.86,8.83,26314.0,611.64,medium
14.99,29.13,17.82,257453.0,792.93,superLarge
7.38,18.15,22.31,17930.0,336.13,small
4.55,13.63,24.35,43184.0,517.46,medium
8.65,24.37,20.43,21605.0,65.03,small
3.36,13.72,26.62,15512.0,291.41,small
10.87,23.81,18.82,11157.0,139.73,small
5.08,15.16,40.49,84770.0,1573.82,large
3.84,12.34,31.73,66692.0,502.05,large
27.25,49.5,9.68,69330.0,604.42,large
8.56,28.27,13.69,43627.0,499.59,medium
8.84,22.23,19.32,226505.0,1636.75,superLarge
9.51,21.84,17.02,30625.0,80.73,medium
7.74,23.51,8.91,31342.0,377.16,medium
6.17,17.56,27.34,11294.0,320.4,small
11.46,32.49,7.67,71245.0,306.05,large
11.21,30.3,12.97,50627.0,2493.17,large
31.16,50.1,12.38,38125.0,568.75,medium
8.6,20.87,23.79,75695.0,2089.28,large
14.86,32.3,15.0,17623.0,122.88,small
6.74,18.67,22.01,10600.0,194.82,small
8.12,23.7,17.85,10968.0,30.66,small
6.56,18.19,17.65,17647.0,214.08,small
7.94,16.75,22.72,99405.0,430.31,large
21.89,38.0,17.04,13532.0,413.19,small
7.95,22.89,16.9,151976.0,430.93,large
12.9,31.81,18.09,69496.0,1271.02,large
7.74,18.01,16.73,27596.0,483.72,medium
5.45,14.72,31.9,16554.0,96.55,small
4.64,13.48,10.08,17866.0,570.7,small
9.0,19.37,20.74,15181.0,64.94,small
7.3,21.79,16.85,12339.0,57.88,small
9.19,22.75,28.6,57287.0,1368.23,large
1.3,3.42,68.19,10200.0,122.95,small
6.45,20.57,20.2,20030.0,264.2,small
7.71,27.82,12.48,13325.0,233.22,small
5.45,17.79,16.17,15979.0,591.05,small
15.56,31.12,18.69,19460.0,549.22,small
2.8,13.22,27.64,12002.0,64.3,small
10.13,24.87,18.15,78118.0,496.56,large
19.94,39.1,12.19,12001.0,2451.06,small
2.28,9.76,31.01,30744.0,194.55,medium
12.58,30.84,13.29,22125.0,1911.64,small
16.43,30.88,22.54,29813.0,1678.68,medium
11.44,25.79,11.82,59682.0,950.76,large
10.81,32.03,11.85,13521.0,7.6,small
12.62,33.36,11.62,103907.0,1308.07,large
15.68,33.26,11.89,18820.0,331.11,small
11.11,32.08,14.08,30996.0,1938.43,medium
7.44,21.3,17.76,11219.0,627.84,small
8.69,24.25,24.61,187106.0,860.21,large
3.01,8.77,48.1,19974.0,43.5,small
3.64,13.32,24.25,52931.0,487.28,large
20.28,39.19,14.61,59564.0,1285.83,large
3.28,9.69,28.66,33592.0,113.19,medium
12.71,27.6,29.64,10014.0,47.11,small
3.94,12.83,36.63,24146.0,421.34,small
19.2,33.14,21.37,27244.0,296.26,medium
1.83,5.11,62.6,17864.0,49.63,small
3.87,15.92,22.23,15644.0,94.16,small
18.61,33.81,17.07,30354.0,878.96,medium
10.23,23.73,22.6,13747.0,480.87,small
23.31,37.7,13.02,108777.0,1219.94,large
2.53,9.5,34.85,11114.0,827.68,small
10.5,22.03,26.55,14536.0,111.83,small
1.42,3.84,59.22,14213.0,162.1,small
6.8,19.04,19.2,109199.0,1448.54,large
22.7,40.64,12.4,10511.0,622.29,small
5.84,19.72,16.2,97291.0,1218.85,large
13.8,39.44,3.37,16466.0,1509.31,small
7.68,23.86,14.0,17488.0,213.5,small
40.75,53.35,9.2,20125.0,534.6,small
3.28,9.89,32.68,18530.0,133.14,small
3.07,12.54,26.83,13993.0,8.85,small
11.05,27.61,14.56,126272.0,591.12,large
9.69,22.95,24.74,75450.0,1141.93,large
8.38,20.32,22.92,93643.0,491.18,large
8.71,27.16,11.32,44389.0,1082.63,medium
18.11,39.82,7.97,17208.0,1590.48,small
16.88,34.51,21.2,92639.0,1981.89,large
5.55,15.9,25.41,63374.0,996.19,large
9.78,29.14,12.54,11304.0,60.84,small
10.01,25.92,19.61,198525.0,1291.41,large
11.83,23.16,28.32,14090.0,167.73,small
15.25,29.51,27.55,12385.0,583.07,small
6.63,17.31,28.84,79662.0,84.54,large
7.63,20.79,29.94,183521.0,861.57,large
31.9,43.59,14.98,10733.0,566.36,small
7.69,20.35,21.69,10725.0,89.41,small
3.4,8.25,61.57,34590.0,112.41,medium
6.95,23.46,21.87,741952.0,1682.47,superLarge
12.7,33.09,6.3,10976.0,82.95,small
9.55,24.31,17.65,135163.0,721.98,large
5.58,17.63,13.22,17916.0,416.93,small
3.02,9.47,41.24,14113.0,55.84,small
8.42,25.02,10.5,40674.0,867.49,medium
4.83,14.82,27.88,24414.0,366.83,small
11.2,31.25,13.53,16799.0,2052.79,small
4.06,13.5,22.36,16064.0,399.23,small
2.96,7.26,52.37,13937.0,43.01,small
13.53,35.31,10.42,17837.0,765.29,small
2.73,9.54,42.39,30510.0,186.52,medium
17.07,35.18,13.62,13986.0,243.47,small
11.4,27.12,20.76,21260.0,229.44,small
12.53,41.24,8.06,505616.0,1678.54,superLarge
12.19,26.79,13.77,98640.0,1684.94,large
6.55,16.45,30.77,93613.0,482.97,large
7.35,15.1,23.87,55180.0,144.2,large
33.07,50.28,10.59,293742.0,1091.39,superLarge
5.19,20.98,13.3,24363.0,196.89,small
7.32,14.58,22.2,16569.0,157.66,small
2.02,6.31,51.19,15517.0,112.63,small
4.15,12.43,21.88,27099.0,542.11,medium
11.11,29.49,12.41,18074.0,279.58,small
7.3,20.84,12.36,63221.0,236.43,large
5.14,17.7,17.41,18911.0,575.26,small
13.94,30.0,14.25,18177.0,460.14,small
6.13,20.84,16.67,64407.0,517.18,large
6.74,17.42,17.7,148134.0,817.33,large
11.46,27.89,23.39,28301.0,1122.96,medium
9.05,26.06,16.25,25899.0,1090.36,medium
8.72,24.83,10.19,21472.0,1047.46,small
4.17,15.94,18.27,38686.0,176.25,medium
4.14,10.15,37.45,82169.0,214.51,large
18.79,39.19,8.39,33249.0,864.36,medium
3.06,12.03,25.5,393069.0,286.27,superLarge
6.65,19.26,14.83,43726.0,260.89,medium
5.48,17.39,20.93,13316.0,480.89,small
8.79,21.28,19.94,983403.0,1097.07,superLarge
19.3,42.61,9.83,15915.0,861.93,small
10.27,25.33,13.76,11822.0,90.74,small
4.52,13.03,35.45,13400.0,51.04,small
4.84,24.44,12.75,12131.0,336.7,small
1.39,3.94,56.7,10667.0,62.03,small
46.43,69.4,5.26,56065.0,1496.64,large
17.27,36.09,11.55,18794.0,930.28,small
7.21,18.46,25.49,15990.0,155.14,small
13.12,31.03,17.82,11151.0,478.35,small
5.26,15.5,28.13,36006.0,136.28,medium
4.42,12.19,28.31,15124.0,408.19,small
14.07,29.06,16.5,54827.0,1219.13,large
10.3,28.57,12.78,45991.0,369.3,medium
6.3,15.47,35.28,13420.0,109.84,small
6.66,19.49,21.41,43764.0,200.94,medium
3.83,12.48,40.91,69348.0,208.93,large
18.52,33.25,12.08,49832.0,674.31,medium
2.42,10.02,30.45,67561.0,76.24,large
0.64,2.52,72.9,22259.0,135.76,small
10.08,26.9,13.74,12340.0,463.3,small
7.62,20.63,12.56,18910.0,479.67,small
6.71,18.58,21.07,11215.0,756.05,small
3.21,11.27,31.72,20212.0,302.61,small
7.97,20.56,40.51,17336.0,1026.28,small
4.96,17.16,16.29,11041.0,219.86,small
4.33,13.78,18.34,30843.0,742.54,medium
17.3,35.53,7.13,11824.0,137.59,small
5.9,16.38,24.89,51618.0,462.3,large
11.64,31.65,16.1,45206.0,2678.55,medium
8.52,26.36,16.47,22779.0,189.92,small
1.24,4.38,53.71,19971.0,127.67,small
8.47,24.18,17.76,45309.0,901.76,medium
3.76,12.06,25.87,110642.0,624.31,large
5.78,18.47,18.98,80561.0,952.59,large
4.81,16.07,27.19,13324.0,81.17,small
5.3,15.78,24.17,11795.0,243.35,small
6.88,16.87,24.34,25042.0,99.77,medium
8.71,26.92,19.63,19195.0,5.35,small
8.65,19.81,22.83,19231.0,73.27,small
4.4,11.64,35.9,33467.0,38.38,medium
0.78,4.24,37.46,23500.0,17.62,small
7.57,21.98,20.22,28148.0,648.56,medium
13.8,28.92,25.88,49381.0,234.82,medium
5.07,11.77,43.62,13229.0,156.08,small
7.03,21.68,17.91,16946.0,488.03,small
1.89,6.66,45.89,74840.0,272.13,large
7.54,23.71,13.94,14599.0,444.17,small
1.69,7.37,60.99,30831.0,404.15,medium
10.56,24.61,17.31,21910.0,307.5,small
32.9,51.22,7.94,19489.0,822.2,small
5.43,15.97,27.01,23782.0,277.57,small
5.17,13.57,37.9,516259.0,1399.84,superLarge
8.56,22.1,17.54,80505.0,1538.83,large
3.42,16.79,16.18,11104.0,321.82,small
2.32,8.76,33.42,19781.0,40.02,small
12.51,30.24,10.89,119363.0,1248.05,large
4.27,13.67,20.54,15586.0,130.22,small
6.7,18.05,20.94,10862.0,27.11,small
1.19,6.43,35.61,15527.0,432.61,small
11.01,28.15,15.09,12199.0,190.79,small
4.34,12.08,22.99,26243.0,275.83,medium
13.62,27.47,19.7,10683.0,597.12,small
12.9,29.94,10.78,17987.0,422.22,small
1.27,4.1,58.87,23501.0,82.93,small
15.97,37.31,16.48,20908.0,700.29,small
8.08,20.46,41.21,18458.0,709.29,small
4.44,16.39,20.63,17651.0,426.25,small
5.78,17.31,18.67,26265.0,13.07,medium
4.09,14.84,26.72,32397.0,605.74,medium
9.03,16.7,26.61,10663.0,113.2,small
13.55,30.65,26.7,15854.0,353.53,small
21.83,44.05,14.28,10864.0,2333.62,small
6.1,15.48,20.45,51555.0,180.36,large
2.75,10.62,35.65,19572.0,172.63,small
24.08,45.68,10.86,10941.0,1313.59,small
13.33,32.56,17.12,48949.0,1691.21,medium
3.97,13.82,23.6,23252.0,741.91,small
9.46,25.93,18.95,15066.0,216.85,small
3.31,5.24,73.63,13198.0,73.73,small
3.93,9.73,34.73,16829.0,324.66,small
4.54,9.95,45.5,15372.0,43.98,small
6.35,25.66,10.57,13333.0,254.93,small
4.46,12.63,40.92,37825.0,255.74,medium
32.85,43.81,19.38,29885.0,492.4,medium
7.93,18.34,19.27,37520.0,228.53,medium
9.27,21.12,15.91,20319.0,485.18,small
11.4,27.92,27.29,77759.0,1246.89,large
2.45,7.58,48.97,14904.0,205.84,small
18.92,34.16,14.86,12208.0,234.34,small
5.01,14.92,24.91,25430.0,86.12,medium
33.08,53.3,8.43,92703.0,640.62,large
6.33,23.18,14.66,24544.0,409.98,small
12.15,29.5,13.03,14203.0,255.86,small
13.76,30.65,13.11,27331.0,1996.15,medium
6.17,16.83,17.67,23875.0,288.98,small
11.42,29.25,15.82,14804.0,372.56,small
11.76,27.29,17.94,21732.0,228.66,small
8.49,25.52,17.18,54021.0,285.73,large
12.58,23.6,17.45,13131.0,46.85,small
12.84,27.73,9.28,10567.0,132.87,small
17.12,30.87,15.79,56216.0,545.75,large
12.51,27.71,19.28,12251.0,124.1,small
7.82,26.14,12.42,32824.0,353.83,medium
24.37,39.63,12.4,13547.0,691.17,small
13.93,33.68,8.86,28898.0,918.89,medium
